-- MariaDB dump 10.19  Distrib 10.4.32-MariaDB, for Win64 (AMD64)
--
-- Host: localhost    Database: football
-- ------------------------------------------------------
-- Server version	10.4.32-MariaDB

/*!40101 SET @OLD_CHARACTER_SET_CLIENT=@@CHARACTER_SET_CLIENT */;
/*!40101 SET @OLD_CHARACTER_SET_RESULTS=@@CHARACTER_SET_RESULTS */;
/*!40101 SET @OLD_COLLATION_CONNECTION=@@COLLATION_CONNECTION */;
/*!40101 SET NAMES utf8mb4 */;
/*!40103 SET @OLD_TIME_ZONE=@@TIME_ZONE */;
/*!40103 SET TIME_ZONE='+00:00' */;
/*!40014 SET @OLD_UNIQUE_CHECKS=@@UNIQUE_CHECKS, UNIQUE_CHECKS=0 */;
/*!40014 SET @OLD_FOREIGN_KEY_CHECKS=@@FOREIGN_KEY_CHECKS, FOREIGN_KEY_CHECKS=0 */;
/*!40101 SET @OLD_SQL_MODE=@@SQL_MODE, SQL_MODE='NO_AUTO_VALUE_ON_ZERO' */;
/*!40111 SET @OLD_SQL_NOTES=@@SQL_NOTES, SQL_NOTES=0 */;

--
-- Table structure for table `game`
--

DROP TABLE IF EXISTS `game`;
/*!40101 SET @saved_cs_client     = @@character_set_client */;
/*!40101 SET character_set_client = utf8 */;
CREATE TABLE `game` (
  `Game_ID` smallint(6) NOT NULL,
  `Away_Team_ID` smallint(6) NOT NULL,
  `Home_Team_ID` smallint(6) NOT NULL,
  `Away_Seed` varchar(10) DEFAULT NULL,
  `Home_Seed` varchar(10) DEFAULT NULL,
  `Season` smallint(6) DEFAULT NULL,
  `Week_Round` varchar(3) DEFAULT NULL,
  `Game_Date` date DEFAULT NULL,
  `Away_Score` smallint(6) DEFAULT NULL,
  `Home_Score` smallint(6) DEFAULT NULL,
  PRIMARY KEY (`Game_ID`),
  KEY `Away_Team_ID` (`Away_Team_ID`),
  KEY `Home_Team_ID` (`Home_Team_ID`),
  CONSTRAINT `game_ibfk_1` FOREIGN KEY (`Away_Team_ID`) REFERENCES `team` (`Team_ID`),
  CONSTRAINT `game_ibfk_2` FOREIGN KEY (`Home_Team_ID`) REFERENCES `team` (`Team_ID`)
) ENGINE=InnoDB DEFAULT CHARSET=utf8mb4 COLLATE=utf8mb4_general_ci;
/*!40101 SET character_set_client = @saved_cs_client */;

--
-- Dumping data for table `game`
--

LOCK TABLES `game` WRITE;
/*!40000 ALTER TABLE `game` DISABLE KEYS */;
INSERT INTO `game` VALUES (338,1,2,'','',2015,'W1','2024-09-25',25,28),(339,3,4,'','',2015,'W1','2024-09-27',21,28),(340,5,6,'','',2015,'W1','2024-09-27',21,34),(341,7,8,'','',2015,'W1','2024-09-27',3,31),(342,9,10,'','',2015,'W1','2024-09-28',17,20),(343,11,12,'','',2015,'W1','2024-09-28',10,6),(344,13,14,'0-1','0-1',2015,'W2','2024-09-29',23,17),(345,5,15,'0-1','1-0',2015,'W2','2024-10-01',17,21),(346,16,17,'1-0','0-1',2015,'W2','2024-10-02',28,7),(347,3,18,'0-1','1-0',2015,'W2','2024-10-03',20,10),(348,19,20,'0-1','1-0',2015,'W2','2024-10-04',27,34),(349,21,7,'1-1','0-2',2015,'W3','2024-10-05',3,20),(350,22,11,'2-0','1-1',2015,'W3','2024-10-06',14,0),(351,12,23,'0-2','0-2',2015,'W3','2024-10-06',14,27),(352,13,24,'1-1','1-1',2015,'W3','2024-10-07',34,18),(353,14,18,'0-2','1-1',2015,'W3','2024-10-11',22,17),(354,25,1,'2-1','2-1',2015,'W4','2024-10-11',25,28),(355,19,16,'0-3','3-0',2015,'W4','2024-10-12',23,26),(356,17,20,'0-3','2-1',2015,'W4','2024-10-13',10,27),(357,4,23,'1-2','1-2',2015,'W4','2024-10-16',26,23),(358,8,26,'3-0','1-2',2015,'W4','2024-10-18',24,21),(359,21,10,'1-3','3-1',2015,'W5','2024-10-18',24,7),(360,27,28,'1-4','0-5',2015,'W6','2024-10-19',12,17),(361,29,24,'1-4','1-4',2015,'W6','2024-10-19',38,21),(362,30,22,'2-3','3-3',2015,'W7','2024-10-19',10,24),(363,9,31,'4-2','4-1',2015,'W7','2024-10-20',9,27),(364,6,10,'3-3','5-2',2015,'W8','2024-10-20',7,17),(365,23,15,'2-5','5-2',2015,'W8','2024-10-21',17,20),(366,11,29,'2-4','2-4',2015,'W8','2024-10-21',34,3),(367,22,25,'4-3','5-2',2015,'W8','2024-10-22',23,34),(368,20,31,'5-2','5-1',2015,'W8','2024-10-23',10,13),(369,15,27,'6-2','2-5',2015,'W9','2024-10-23',24,14),(370,18,31,'5-2','6-1',2015,'W9','2024-10-24',26,21),(371,21,2,'3-4','7-0',2015,'W9','2024-10-25',19,15),(372,5,26,'3-4','1-7',2015,'W9','2024-10-25',13,31),(373,16,28,'4-3','1-6',2015,'W9','2024-10-26',26,23),(374,30,1,'2-5','5-3',2015,'W9','2024-10-26',19,17),(375,7,6,'3-5','3-4',2015,'W9','2024-10-26',27,11),(376,9,8,'4-3','6-1',2015,'W9','2024-10-27',24,45),(377,29,4,'2-6','3-5',2015,'W10','2024-10-28',28,31),(378,17,25,'2-6','6-2',2015,'W10','2024-10-29',33,27),(379,14,13,'6-2','5-3',2015,'W10','2024-10-31',28,13),(380,32,27,'5-3','2-6',2015,'W10','2024-10-31',19,13),(381,30,24,'4-5','1-8',2015,'W11','2024-11-02',3,28),(382,19,32,'2-7','6-3',2015,'W11','2024-11-02',16,17),(383,12,3,'4-5','6-3',2015,'W11','2024-11-02',6,28),(384,28,2,'2-7','7-2',2015,'W11','2024-11-08',21,24),(385,26,32,'2-8','7-3',2015,'W12','2024-11-08',7,12),(386,2,32,'10-2','9-3',2015,'W14','2024-11-09',16,13),(387,8,18,'9-3','9-3',2015,'W14','2024-11-09',21,24),(388,32,20,'9-4','8-5',2015,'W15','2024-11-10',14,24),(389,15,3,'10-3','8-5',2015,'W15','2024-11-12',23,35),(390,13,1,'8-5','8-5',2015,'W15','2024-11-13',15,26),(391,15,14,'10-4','10-4',2015,'W16','2024-11-13',20,24),(392,31,10,'11-3','8-6',2015,'W16','2024-11-16',10,23),(393,1,15,'9-6','10-5',2015,'W17','2024-11-16',28,24),(394,11,18,'8-7','12-3',2015,'W17','2024-11-17',10,20),(395,22,13,'8-7','9-6',2015,'W17','2024-11-18',15,24),(396,3,23,'10-5','3-12',2015,'W17','2024-11-19',31,6),(397,5,20,'7-8','9-6',2015,'W17','2024-11-20',24,27),(398,6,31,'6-9','11-4',2015,'W17','2024-11-21',7,17),(399,26,10,'3-12','9-6',2015,'W17','2024-11-22',42,30),(400,21,8,'7-8','10-5',2015,'W17','2024-11-22',17,45),(401,30,14,'4-11','11-4',2015,'W17','2024-11-23',10,17),(402,17,32,'5-10','10-5',2015,'W17','2024-11-23',15,23),(403,20,32,'6.','3.',2015,'WC','2024-11-25',24,31),(404,10,8,'6.','3.',2015,'WC','2024-11-26',24,30),(405,1,15,'5.','4.',2015,'WC','2024-12-03',21,28),(406,12,3,'5.','4.',2015,'WC','2024-12-04',24,31),(407,15,2,'4.','1.',2015,'DIV','2024-12-06',18,24),(408,3,18,'4.','1.',2015,'DIV','2024-12-06',17,28),(409,32,14,'3.','2.',2015,'DIV','2024-12-07',21,18),(410,8,31,'3.','2.',2015,'DIV','2024-12-08',10,24),(411,32,2,'3.','1.',2015,'CC','2024-12-10',3,23),(412,31,18,'2.','1.',2015,'CC','2024-12-11',31,28),(413,31,2,'2.','1.',2015,'SB','2024-12-12',10,27),(414,8,7,'','',2013,'W1','2024-12-14',21,14),(415,4,24,'','',2013,'W1','2024-12-14',10,16),(416,31,6,'','',2013,'W1','2024-12-15',10,13),(417,1,13,'','',2013,'W1','2024-12-15',6,17),(418,27,25,'','',2013,'W1','2024-12-16',6,9),(419,22,30,'','',2013,'W1','2024-12-16',14,16),(420,29,18,'1-0','1-0',2013,'W2','2024-12-17',0,17),(421,25,9,'1-0','1-0',2013,'W2','2024-12-17',12,8),(422,19,1,'0-1','0-1',2013,'W2','2024-12-18',27,26),(423,24,12,'1-0','0-1',2013,'W2','2024-12-18',24,20),(424,13,10,'1-0','1-0',2013,'W2','2024-12-19',6,17),(425,7,31,'1-1','0-2',2013,'W3','2024-12-20',31,17),(426,12,11,'0-2','2-0',2013,'W3','2024-12-21',24,7),(427,9,23,'1-1','0-2',2013,'W3','2024-12-21',3,24),(428,18,3,'2-0','1-1',2013,'W3','2024-12-21',31,17),(429,3,4,'1-2','0-3',2013,'W4','2024-12-22',19,13),(430,16,23,'1-2','1-2',2013,'W4','2024-12-23',31,28),(431,29,8,'2-1','3-0',2013,'W4','2024-12-23',17,20),(432,5,11,'1-2-1','2-2',2013,'W5','2024-12-23',27,24),(433,22,26,'1-3','3-1',2013,'W5','2024-12-27',23,21),(434,32,19,'2-1-1','2-2',2013,'W5','2024-12-27',21,13),(435,30,10,'2-2','3-2',2013,'W6','2024-12-28',24,21),(436,14,6,'1-4','2-2',2013,'W6','2024-12-28',27,16),(437,27,15,'3-2','1-4',2013,'W6','2024-12-29',14,13),(438,5,28,'2-3-1','2-4',2013,'W7','2024-12-29',19,16),(439,15,20,'1-5','2-3',2013,'W7','2024-12-30',6,9),(440,21,1,'5-2','4-2',2013,'W8','2024-12-30',21,24),(441,2,4,'7-0','1-6',2013,'W8','2024-12-31',38,10),(442,31,29,'3-3','3-3',2013,'W8','2024-12-31',14,24),(443,16,19,'2-4','2-5',2013,'W8','2024-12-31',17,15),(444,26,13,'4-2','1-5',2013,'W8','2025-01-03',31,34),(445,14,22,'3-4','3-4',2013,'W9','2025-01-04',17,3),(446,25,15,'6-1','2-6',2013,'W9','2025-01-04',21,24),(447,28,32,'2-5','4-2-1',2013,'W9','2025-01-05',10,13),(448,6,30,'3-4','4-3',2013,'W9','2025-01-08',26,12),(449,20,17,'4-4','2-6',2013,'W10','2025-01-09',31,7),(450,24,11,'5-3','3-6',2013,'W10','2025-01-12',17,14),(451,28,2,'2-6','8-0',2013,'W10','2025-01-16',16,13),(452,27,14,'4-5','4-5',2013,'W11','2025-01-17',20,26),(453,9,21,'3-6','5-4',2013,'W11','2025-01-18',20,21),(454,17,32,'2-7','6-2-1',2013,'W11','2025-01-19',13,16),(455,23,10,'3-6','3-6',2013,'W11','2025-01-22',10,29),(456,20,2,'5-4','8-1',2013,'W11','2025-01-23',6,13),(457,21,8,'6-4','7-3',2013,'W12','2025-01-23',13,3),(458,5,17,'4-5-1','2-8',2013,'W12','2025-01-23',17,20),(459,3,16,'6-4','5-5',2013,'W12','2025-01-24',7,20),(460,12,26,'5-5','7-3',2013,'W12','2025-01-24',30,27),(461,18,7,'8-2','7-3',2013,'W12','2025-01-24',9,10),(462,24,18,'8-4','9-3',2013,'W14','2025-01-26',3,34),(463,32,2,'8-3-1','9-3',2013,'W14','2025-01-30',19,16),(464,12,2,'8-5','9-4',2013,'W15','2025-01-31',20,22),(465,7,25,'10-4','9-5',2013,'W16','2025-01-31',23,17),(466,16,2,'8-7','10-5',2013,'W17','2025-02-02',18,21),(467,25,27,'9-6','5-10',2013,'W17','2025-02-03',27,9),(468,15,1,'4-11','10-5',2013,'W17','2025-02-06',6,38),(469,32,20,'10-4-1','9-6',2013,'W17','2025-02-06',24,7),(470,9,7,'6-9','11-4',2013,'W17','2025-02-06',10,31),(471,8,21,'8-7','9-6',2013,'W17','2025-02-08',17,28),(472,29,24,'7-8','10-5',2013,'W17','2025-02-10',21,42),(473,31,26,'10-5','9-6',2013,'W17','2025-02-15',19,20),(474,14,13,'7-8','7-8',2013,'W17','2025-02-16',20,17),(475,30,22,'7-8','7-8',2013,'W17','2025-02-21',21,14),(476,23,12,'6-9','8-7',2013,'W17','2025-02-21',0,33),(477,20,2,'6.','3.',2013,'WC','2025-02-25',9,31),(478,21,26,'6.','3.',2013,'WC','2025-03-05',7,28),(479,25,30,'5.','4.',2013,'WC','2025-03-09',30,31),(480,24,12,'5.','4.',2013,'WC','2025-03-14',10,12),(481,30,32,'4.','1.',2013,'DIV','2025-03-29',3,22),(482,12,7,'4.','1.',2013,'DIV','2025-03-29',27,7),(483,2,1,'3.','2.',2013,'DIV','2025-04-10',17,13),(484,26,18,'3.','2.',2013,'DIV','2025-04-18',3,20),(485,2,32,'3.','1.',2013,'CC','2025-04-19',23,17),(486,12,18,'4.','2.',2013,'CC','2025-04-19',10,3),(487,12,2,'4.','3.',2013,'SB','2025-04-21',3,10);
/*!40000 ALTER TABLE `game` ENABLE KEYS */;
UNLOCK TABLES;

--
-- Table structure for table `pass_statline`
--

DROP TABLE IF EXISTS `pass_statline`;
/*!40101 SET @saved_cs_client     = @@character_set_client */;
/*!40101 SET character_set_client = utf8 */;
CREATE TABLE `pass_statline` (
  `Pass_Stat_ID` smallint(6) NOT NULL,
  `Player_ID` smallint(6) NOT NULL,
  `Game_ID` smallint(6) NOT NULL,
  `Team_ID` smallint(6) NOT NULL,
  `Pos_ID` smallint(6) NOT NULL,
  `Comp` smallint(6) DEFAULT NULL,
  `Att` smallint(6) DEFAULT NULL,
  `Yds` smallint(6) DEFAULT NULL,
  `TD` smallint(6) DEFAULT NULL,
  `INTR` smallint(6) DEFAULT NULL,
  PRIMARY KEY (`Pass_Stat_ID`),
  KEY `Player_ID` (`Player_ID`),
  KEY `Game_ID` (`Game_ID`),
  KEY `Team_ID` (`Team_ID`),
  KEY `Pos_ID` (`Pos_ID`),
  CONSTRAINT `pass_statline_ibfk_1` FOREIGN KEY (`Player_ID`) REFERENCES `player` (`Player_ID`),
  CONSTRAINT `pass_statline_ibfk_2` FOREIGN KEY (`Game_ID`) REFERENCES `game` (`Game_ID`),
  CONSTRAINT `pass_statline_ibfk_3` FOREIGN KEY (`Team_ID`) REFERENCES `team` (`Team_ID`),
  CONSTRAINT `pass_statline_ibfk_4` FOREIGN KEY (`Pos_ID`) REFERENCES `pos` (`Pos_ID`)
) ENGINE=InnoDB DEFAULT CHARSET=utf8mb4 COLLATE=utf8mb4_general_ci;
/*!40101 SET character_set_client = @saved_cs_client */;

--
-- Dumping data for table `pass_statline`
--

LOCK TABLES `pass_statline` WRITE;
/*!40000 ALTER TABLE `pass_statline` DISABLE KEYS */;
INSERT INTO `pass_statline` VALUES (1,1,338,1,1,26,40,337,2,1),(2,2,338,2,1,19,29,217,3,0),(3,3,339,3,1,19,32,265,3,2),(4,4,339,4,1,17,23,220,2,1),(5,5,340,5,1,18,26,283,1,1),(6,6,340,6,1,17,23,156,1,0),(7,7,341,8,1,15,20,195,3,3),(8,8,341,7,1,15,30,174,0,1),(9,9,342,10,1,26,43,234,1,1),(10,10,342,9,1,19,28,217,0,2),(11,11,343,11,1,16,21,168,0,0),(12,12,343,12,1,13,19,94,0,0),(13,13,344,14,1,19,37,218,0,3),(14,14,344,13,1,13,23,165,2,1),(15,15,345,15,1,15,22,217,1,2),(16,5,345,5,1,16,23,189,2,0),(17,16,346,16,1,17,23,291,1,0),(18,17,346,17,1,15,27,198,1,2),(19,18,347,18,1,22,31,251,1,0),(20,3,347,3,1,14,22,211,1,0),(21,19,348,20,1,25,38,353,3,3),(22,20,348,19,1,9,20,131,1,3),(23,8,349,7,1,21,28,186,2,2),(24,21,349,21,1,13,25,116,0,2),(25,22,350,22,1,17,25,181,1,1),(26,11,350,11,1,9,18,75,0,4),(27,23,351,23,1,24,33,256,3,0),(28,12,351,12,1,16,26,186,1,2),(29,14,352,13,1,21,28,398,3,2),(30,24,352,24,1,22,35,252,0,2),(31,18,353,18,1,23,37,284,2,3),(32,13,353,14,1,18,27,206,1,1),(33,1,354,1,1,28,37,351,3,0),(34,25,354,25,1,17,23,242,3,1),(35,16,355,16,1,18,26,339,2,0),(36,20,355,19,1,14,23,255,1,0),(37,19,356,20,1,15,21,214,2,0),(38,17,356,17,1,17,31,173,1,2),(39,4,357,4,1,22,31,238,0,3),(40,23,357,23,1,17,28,217,1,1),(41,26,358,26,1,22,32,274,2,2),(42,7,358,8,1,23,31,262,3,0),(43,21,359,21,1,14,19,202,1,1),(44,9,359,10,1,17,34,163,1,4),(45,27,360,27,1,16,31,226,0,2),(46,28,360,28,1,14,19,187,2,0),(47,29,361,29,1,21,29,375,5,0),(48,24,361,24,1,16,32,224,1,1),(49,22,362,22,1,21,31,238,3,0),(50,30,362,30,1,13,21,195,1,1),(51,10,363,9,1,21,39,266,0,2),(52,31,363,31,1,11,18,232,2,1),(53,9,364,10,1,21,33,197,0,0),(54,6,364,6,1,10,23,106,1,4),(55,23,365,23,1,22,34,238,2,1),(56,15,365,15,1,11,17,168,1,1),(57,29,366,29,1,10,25,150,0,4),(58,11,366,11,1,9,19,145,1,1),(59,22,367,22,1,23,32,298,2,1),(60,25,367,25,1,20,27,295,2,0),(61,19,368,20,1,18,29,260,1,5),(62,31,368,31,1,10,20,130,1,0),(63,15,369,15,1,23,30,227,3,1),(64,27,369,27,1,14,23,211,1,2),(65,18,370,18,1,27,37,328,2,0),(66,31,370,31,1,12,17,155,2,1),(67,21,371,21,1,20,26,243,1,1),(68,2,371,2,1,14,20,206,2,1),(69,5,372,5,1,17,36,235,0,2),(70,26,372,26,1,14,21,189,3,1),(71,16,373,16,1,23,35,358,3,2),(72,28,373,28,1,14,24,214,2,1),(73,30,374,30,1,16,33,157,0,2),(74,1,374,1,1,10,21,135,0,2),(75,8,375,7,1,20,25,240,1,0),(76,6,375,6,1,21,33,200,1,2),(77,32,375,6,2,0,1,0,0,1),(78,7,376,8,1,17,20,332,5,0),(79,10,376,9,1,29,44,326,3,2),(80,29,377,29,1,21,30,398,4,1),(81,4,377,4,1,18,25,298,1,2),(82,25,378,25,1,20,28,332,3,2),(83,17,378,17,1,17,26,234,1,1),(84,14,379,13,1,30,48,419,2,2),(85,13,379,14,1,8,12,107,1,0),(86,27,380,27,1,23,37,285,1,3),(87,33,380,32,1,21,32,193,0,1),(88,24,381,24,1,10,15,204,3,0),(89,30,381,30,1,15,31,194,0,1),(90,20,382,19,1,31,44,323,2,1),(91,33,382,32,1,17,26,137,0,0),(92,3,383,3,1,14,21,233,2,1),(93,12,383,12,1,13,23,127,0,3),(94,2,384,2,1,20,28,253,1,2),(95,28,384,28,1,15,25,239,2,2),(96,26,385,26,1,23,30,216,1,2),(97,33,385,32,1,16,23,207,0,0),(98,33,386,32,1,20,30,308,1,3),(99,2,386,2,1,14,22,187,0,1),(100,18,387,18,1,14,24,207,1,3),(101,7,387,8,1,20,28,193,3,0),(102,33,388,32,1,15,24,255,0,1),(103,19,388,20,1,15,24,227,1,1),(104,3,389,3,1,12,19,276,1,1),(105,15,389,15,1,15,26,206,1,2),(106,14,390,13,1,23,37,268,1,2),(107,1,390,1,1,15,23,222,3,0),(108,13,391,14,1,21,30,290,3,0),(109,15,391,15,1,13,22,185,2,1),(110,9,392,10,1,18,25,259,1,0),(111,31,392,31,1,17,26,170,0,1),(112,1,393,1,1,22,34,339,2,2),(113,15,393,15,1,21,27,265,1,1),(114,18,394,18,1,24,31,287,2,1),(115,11,394,11,1,13,22,262,0,2),(116,22,395,22,1,22,34,255,0,1),(117,14,395,13,1,13,20,212,1,1),(118,3,396,3,1,19,27,229,3,1),(119,23,396,23,1,8,18,91,0,0),(120,19,397,20,1,21,29,303,2,2),(121,5,397,5,1,9,17,193,0,0),(122,6,398,6,1,14,29,207,0,4),(123,31,398,31,1,7,12,95,1,1),(124,26,399,26,1,19,23,408,3,1),(125,9,399,10,1,26,35,378,3,1),(126,7,400,8,1,23,26,386,5,0),(127,21,400,21,1,16,23,281,2,2),(128,30,401,30,1,24,30,177,1,2),(129,13,401,14,1,7,15,108,2,0),(130,33,402,32,1,19,29,257,2,0),(131,17,402,17,1,20,35,210,1,0),(132,19,403,20,1,26,35,352,3,2),(133,33,403,32,1,20,24,216,3,2),(134,7,404,8,1,24,36,308,2,0),(135,9,404,10,1,22,31,244,2,0),(136,1,405,1,1,22,30,313,3,2),(137,15,405,15,1,18,24,209,3,1),(138,3,406,3,1,23,30,364,3,0),(139,12,406,12,1,16,27,242,2,2),(140,15,407,15,1,23,35,341,2,0),(141,2,407,2,1,12,16,262,1,0),(142,18,408,18,1,21,26,300,1,1),(143,3,408,3,1,22,25,296,2,2),(144,33,409,32,1,24,32,283,3,1),(145,13,409,14,1,13,20,167,1,2),(146,7,410,8,1,22,32,185,0,5),(147,31,410,31,1,10,12,115,2,1),(148,2,411,2,1,21,29,306,2,0),(149,33,411,32,1,14,21,145,0,1),(150,18,412,18,1,23,34,351,3,0),(151,31,412,31,1,13,21,215,1,1),(152,2,413,2,1,21,31,258,2,0),(153,31,413,31,1,15,24,195,1,1),(154,8,414,7,1,17,28,263,2,3),(155,7,414,8,1,11,16,76,0,0),(156,24,415,24,1,19,27,228,0,0),(157,10,415,4,1,14,21,183,1,1),(158,34,416,6,1,21,27,262,1,0),(159,31,416,31,1,6,9,83,0,0),(160,1,417,1,1,14,27,190,0,2),(161,14,417,13,1,15,24,145,1,2),(162,25,418,25,1,15,26,164,0,2),(163,27,418,27,1,13,24,137,0,3),(164,22,419,22,1,15,22,217,2,2),(165,23,419,30,1,10,14,118,0,0),(166,18,420,18,1,16,25,196,2,0),(167,29,420,29,1,11,27,107,0,3),(168,25,421,25,1,10,13,103,0,0),(169,35,421,9,1,5,11,84,0,0),(170,36,422,19,1,18,29,228,4,0),(171,1,422,1,1,13,20,222,1,0),(172,24,423,24,1,11,26,105,0,2),(173,13,423,12,1,14,22,96,1,2),(174,14,424,13,1,19,25,158,0,0),(175,9,424,10,1,11,16,140,2,0),(176,8,425,7,1,21,26,265,1,1),(177,31,425,31,1,10,19,153,1,1),(178,13,426,12,1,18,25,290,3,1),(179,37,426,11,1,9,23,149,1,3),(180,38,427,23,1,12,17,166,1,1),(181,35,427,9,1,11,19,107,0,1),(182,39,428,3,1,10,24,193,1,5),(183,18,428,18,1,9,14,132,2,2),(184,10,429,4,1,12,24,209,0,2),(185,39,429,3,1,11,20,201,1,2),(186,40,430,16,1,15,26,279,2,0),(187,38,430,23,1,17,27,275,1,2),(188,29,431,29,1,16,27,181,2,2),(189,7,431,8,1,15,19,172,0,0),(190,41,432,5,1,17,25,329,2,0),(191,37,432,11,1,16,26,181,2,3),(192,22,433,22,1,22,33,290,2,2),(193,26,433,26,1,13,27,211,2,0),(194,42,434,32,1,11,16,270,1,2),(195,43,434,19,1,11,21,97,0,2),(196,9,435,10,1,16,23,207,1,0),(197,23,435,30,1,12,16,177,1,0),(198,44,436,14,1,12,21,199,1,2),(199,34,436,6,1,9,17,180,0,0),(200,27,437,27,1,16,24,186,1,2),(201,45,437,15,1,6,14,106,1,0),(202,20,438,28,1,16,32,216,1,3),(203,41,438,5,1,12,18,148,1,0),(204,19,439,20,1,14,22,151,0,1),(205,45,439,15,1,12,28,117,0,1),(206,1,440,1,1,16,24,242,1,2),(207,21,440,21,1,14,20,189,1,0),(208,10,441,4,1,24,33,259,1,2),(209,2,441,2,1,14,18,205,2,0),(210,29,442,29,1,18,24,201,1,1),(211,31,442,31,1,7,12,92,1,0),(212,43,443,19,1,12,27,200,0,1),(213,40,443,16,1,9,14,111,1,0),(214,26,444,26,1,23,33,282,3,3),(215,14,444,13,1,20,27,280,3,2),(216,44,445,14,1,10,18,194,2,1),(217,22,445,22,1,13,28,127,0,1),(218,25,446,25,1,16,28,341,3,1),(219,45,446,15,1,17,25,238,2,0),(220,42,447,32,1,19,29,183,0,3),(221,20,447,28,1,12,17,166,1,1),(222,46,447,32,2,1,1,13,0,0),(223,23,448,30,1,9,19,161,0,2),(224,34,448,6,1,10,18,137,1,1),(225,19,449,20,1,11,21,204,3,1),(226,47,449,17,1,10,27,160,0,3),(227,24,450,24,1,18,25,253,2,2),(228,37,450,11,1,16,21,161,2,0),(229,2,451,2,1,14,18,177,1,0),(230,20,451,28,1,15,25,168,1,1),(231,48,451,28,2,0,1,0,0,0),(232,44,452,14,1,8,21,196,0,1),(233,27,452,27,1,13,27,190,1,2),(234,21,453,21,1,11,20,187,2,2),(235,35,453,9,1,11,17,127,1,1),(236,42,454,32,1,16,27,231,0,2),(237,47,454,17,1,13,23,188,0,2),(238,9,455,10,1,16,19,289,1,0),(239,38,455,23,1,11,23,160,0,2),(240,2,456,2,1,20,26,249,0,0),(241,19,456,20,1,11,23,182,0,0),(242,21,457,21,1,15,21,207,0,1),(243,7,457,8,1,20,31,166,0,0),(244,47,458,17,1,12,22,231,1,1),(245,41,458,5,1,8,16,135,1,2),(246,40,459,16,1,12,23,157,1,0),(247,49,459,3,1,9,21,88,0,0),(248,13,460,12,1,18,23,194,1,0),(249,26,460,26,1,16,30,235,1,2),(250,18,461,18,1,17,23,213,0,0),(251,8,461,7,1,14,21,132,1,2),(252,18,462,18,1,13,18,290,2,0),(253,24,462,24,1,17,31,152,0,6),(254,2,463,2,1,19,27,172,0,2),(255,42,463,32,1,14,22,161,1,1),(256,13,464,12,1,16,29,233,3,3),(257,2,464,2,1,18,32,183,1,1),(258,8,465,7,1,17,23,214,1,0),(259,25,465,25,1,15,21,212,2,2),(260,2,466,2,1,13,22,176,1,2),(261,40,466,16,1,14,22,148,1,1),(262,27,467,27,1,26,40,295,0,3),(263,25,467,25,1,18,25,205,2,0),(264,45,468,15,1,20,32,228,0,1),(265,1,468,1,1,14,18,206,5,1),(266,19,469,20,1,17,29,196,2,0),(267,42,469,32,1,13,16,184,1,0),(268,8,470,7,1,10,17,224,1,2),(269,35,470,9,1,16,22,163,0,1),(270,7,471,8,1,13,27,202,1,2),(271,21,471,21,1,10,16,100,2,0),(272,24,472,24,1,10,20,229,2,2),(273,29,472,29,1,16,27,188,0,5),(274,26,473,26,1,14,24,198,0,3),(275,31,473,31,1,16,23,171,1,0),(276,44,474,14,1,23,30,267,1,2),(277,14,474,13,1,8,17,81,0,0),(278,23,475,30,1,19,25,222,2,1),(279,22,475,22,1,13,24,162,0,1),(280,13,476,12,1,14,21,162,3,0),(281,38,476,23,1,10,17,41,0,0),(282,19,477,20,1,24,35,371,1,2),(283,2,477,2,1,12,18,113,1,0),(284,26,478,26,1,16,23,221,3,1),(285,21,478,21,1,17,28,168,1,1),(286,25,479,25,1,17,32,315,3,2),(287,23,479,30,1,13,22,148,1,3),(288,24,480,24,1,17,27,190,1,1),(289,13,480,12,1,12,18,81,0,0),(290,42,481,32,1,17,23,196,2,1),(291,23,481,30,1,11,16,120,0,0),(292,8,482,7,1,10,21,130,0,2),(293,13,482,12,1,10,20,103,1,0),(294,50,482,12,2,0,1,0,0,0),(295,2,483,2,1,16,26,228,1,3),(296,1,483,1,1,16,25,177,0,2),(297,26,484,26,1,19,31,201,0,6),(298,18,484,18,1,11,20,151,0,1),(299,2,485,2,1,21,31,283,2,2),(300,42,485,32,1,10,18,117,0,2),(301,13,486,12,1,12,19,151,0,1),(302,18,486,18,1,6,14,81,0,1),(303,2,487,2,1,14,17,177,0,0),(304,13,487,12,1,11,19,75,0,1);
/*!40000 ALTER TABLE `pass_statline` ENABLE KEYS */;
UNLOCK TABLES;

--
-- Table structure for table `player`
--

DROP TABLE IF EXISTS `player`;
/*!40101 SET @saved_cs_client     = @@character_set_client */;
/*!40101 SET character_set_client = utf8 */;
CREATE TABLE `player` (
  `Player_ID` smallint(6) NOT NULL,
  `Player_Name` varchar(100) DEFAULT NULL,
  PRIMARY KEY (`Player_ID`)
) ENGINE=InnoDB DEFAULT CHARSET=utf8mb4 COLLATE=utf8mb4_general_ci;
/*!40101 SET character_set_client = @saved_cs_client */;

--
-- Dumping data for table `player`
--

LOCK TABLES `player` WRITE;
/*!40000 ALTER TABLE `player` DISABLE KEYS */;
INSERT INTO `player` VALUES (1,'Ben Roethlisberger\r'),(2,'Tom Brady\r'),(3,'Russell Wilson\r'),(4,'Nick Foles\r'),(5,'Marcus Mariota\r'),(6,'Jameis Winston\r'),(7,'Tony Romo\r'),(8,'Eli Manning\r'),(9,'Matt Ryan\r'),(10,'Sam Bradford\r'),(11,'Teddy Bridgewater\r'),(12,'Colin Kaepernick\r'),(13,'Alex Smith\r'),(14,'Peyton Manning\r'),(15,'Johnny Manziel\r'),(16,'Ryan Tannehill\r'),(17,'Blake Bortles\r'),(18,'Aaron Rodgers\r'),(19,'Andrew Luck\r'),(20,'Ryan Fitzpatrick\r'),(21,'Robert Griffin III\r'),(22,'Philip Rivers\r'),(23,'Carson Palmer\r'),(24,'Matthew Stafford\r'),(25,'Joe Flacco\r'),(26,'Drew Brees\r'),(27,'Andy Dalton\r'),(28,'E.J. Manuel\r'),(29,'Jay Cutler\r'),(30,'Derek Carr\r'),(31,'Cam Newton\r'),(32,'Spencer Lanning\r'),(33,'Ryan Mallett\r'),(34,'Josh Freeman\r'),(35,'Michael Vick\r'),(36,'Mark Sanchez\r'),(37,'Christian Ponder\r'),(38,'John Skelton\r'),(39,'Matt Flynn\r'),(40,'David Garrard\r'),(41,'Matt Hasselbeck\r'),(42,'Matt Schaub\r'),(43,'Tim Tebow\r'),(44,'Matt Cassel\r'),(45,'Donovan McNabb\r'),(46,'Donnie Jones\r'),(47,'Chad Henne\r'),(48,'Brian Moorman\r'),(49,'Tarvaris Jackson\r'),(50,'Andy Lee\r'),(51,'LeGarrette Blount\r'),(52,'Le\'Veon Bell\r'),(53,'DeAngelo Williams\r'),(54,'Brandon Bolden\r'),(55,'Tre Mason\r'),(56,'Marshawn Lynch\r'),(57,'Todd Gurley\r'),(58,'Bishop Sankey\r'),(59,'Doug Martin\r'),(60,'Dexter McCluster\r'),(61,'Joseph Randle\r'),(62,'Tyler Clutts\r'),(63,'Shane Vereen\r'),(64,'Lance Dunbar\r'),(65,'Rashad Jennings\r'),(66,'DeMarco Murray\r'),(67,'Devonta Freeman\r'),(68,'Darren Sproles\r'),(69,'Antone Smith\r'),(70,'Patrick DiMarco\r'),(71,'Adrian Peterson\r'),(72,'Carlos Hyde\r'),(73,'Jerick McKinnon\r'),(74,'Zach Line\r'),(75,'Reggie Bush\r'),(76,'Jamaal Charles\r'),(77,'C.J. Anderson\r'),(78,'Montee Ball\r'),(79,'Knile Davis\r'),(80,'Anthony Sherman\r'),(81,'Isaiah Crowell\r'),(82,'Terrance West\r'),(83,'Lamar Miller\r'),(84,'Denard Robinson\r'),(85,'Jay Ajayi\r'),(86,'Eddie Lacy\r'),(87,'Christine Michael\r'),(88,'Derrick Coleman\r'),(89,'Frank Gore\r'),(90,'Zac Stacy\r'),(91,'Chris Ivory\r'),(92,'Daniel Herron\r'),(93,'Alfred Morris\r'),(94,'Silas Redd\r'),(95,'Darrel Young\r'),(96,'Melvin Gordon\r'),(97,'Stepfan Taylor\r'),(98,'Andre Ellington\r'),(99,'Joique Bell\r'),(100,'Justin Forsett\r'),(101,'Lorenzo Taliaferro\r'),(102,'Toby Gerhart\r'),(103,'Mark Ingram\r'),(104,'C.J. Spiller\r'),(105,'Chris Jones P\r'),(106,'LeSean McCoy\r'),(107,'Jeremy Hill\r'),(108,'Giovani Bernard\r'),(109,'Matt Forte\r'),(110,'Jacquizz Rodgers\r'),(111,'Roy Helu Jr.\r'),(112,'Danny Woodhead\r'),(113,'Latavius Murray\r'),(114,'Jonathan Stewart\r'),(115,'Ryan Mathews\r'),(116,'Cameron Artis-Payne\r'),(117,'Bobby Rainey\r'),(118,'Malcolm Johnson\r'),(119,'Kyle Juszczyk\r'),(120,'David Johnson\r'),(121,'Mike Tolbert\r'),(122,'Dorin Dickerson\r'),(123,'Zach Mettenberger\r'),(124,'Marcel Reece\r'),(125,'Arian Foster\r'),(126,'Chris Polk\r'),(127,'Theo Riddick\r'),(128,'James Starks\r'),(129,'James Casey\r'),(130,'Tyler Varga\r'),(131,'Nic Jacobs\r'),(132,'Felix Jones\r'),(133,'Ahmad Bradshaw\r'),(134,'David Wilson\r'),(135,'Steven Jackson\r'),(136,'Jahvid Best\r'),(137,'Kevin Smith\r'),(138,'Ryan Grant\r'),(139,'Steve Smith Sr.\r'),(140,'Willis McGahee\r'),(141,'Rashard Mendenhall\r'),(142,'Mike Wallace\r'),(143,'Isaac Redman\r'),(144,'Chris Gronkowski\r'),(145,'Knowshon Moreno\r'),(146,'Ray Rice\r'),(147,'BenJarvus Green-Ellis\r'),(148,'Anthony Allen\r'),(149,'Bernard Scott\r'),(150,'Anquan Boldin\r'),(151,'Darren McFadden\r'),(152,'Ronnie Brown\r'),(153,'Jackie Battle\r'),(154,'Mike Goodson\r'),(155,'Cedric Benson\r'),(156,'Jeremy Maclin\r'),(157,'Shonn Greene\r'),(158,'Brandon Jacobs\r'),(159,'Michael Crabtree\r'),(160,'Michael Turner\r'),(161,'Jason Snelling\r'),(162,'Lousaka Polite\r'),(163,'Bruce Miller\r'),(164,'Randy Moss\r'),(165,'Devin Aromashodu\r'),(166,'Beanie Wells\r'),(167,'Javarris James\r'),(168,'Dion Lewis\r'),(169,'Robert Turbin\r'),(170,'Michael Robinson\r'),(171,'Golden Tate\r'),(172,'Steve Slaton\r'),(173,'Michael Bush\r'),(174,'Devin Hester\r'),(175,'Chris Johnson\r'),(176,'Javon Ringer\r'),(177,'Le\'Ron McClain\r'),(178,'Ben Tate\r'),(179,'Santonio Holmes\r'),(180,'Trent Richardson\r'),(181,'Fred Jackson\r'),(182,'Stevie Johnson\r'),(183,'Korey Hall\r'),(184,'Donald Brown\r'),(185,'Josh Gordon\r'),(186,'Earnest Graham\r'),(187,'Tim Hightower\r'),(188,'Isaiah Pead\r'),(189,'Louis Murphy\r'),(190,'Joe McKnight\r'),(191,'Michael Jenkins\r'),(192,'Joseph Addai\r'),(193,'Chris Ogbonnaya\r'),(194,'Owen Marecic\r'),(195,'Maurice Jones-Drew\r'),(196,'Mikel Leshoure\r'),(197,'Calvin Johnson Jr.\r'),(198,'Brad Smith\r'),(199,'Peyton Hillis\r'),(200,'Chris Cooley\r'),(201,'Eric Kettani\r'),(202,'Andre Johnson\r'),(203,'Ryan Williams\r'),(204,'Wes Welker\r'),(205,'Jed Collins\r'),(206,'Henry Hynoski\r'),(207,'Daniel Thomas\r'),(208,'Brandon Jackson\r'),(209,'Mewelde Moore\r'),(210,'DeSean Jackson\r'),(211,'Maurice Stovall\r'),(212,'Denarius Moore\r'),(213,'Pierre Thomas\r'),(214,'Brandon LaFell\r'),(215,'Antonio Brown\r'),(216,'Martavis Bryant\r'),(217,'Markus Wheaton\r'),(218,'Heath Miller\r'),(219,'Julian Edelman\r'),(220,'Rob Gronkowski\r'),(221,'Aaron Dobson\r'),(222,'Dri Archer\r'),(223,'Matt Spaeth\r'),(224,'Jermaine Kearse\r'),(225,'Chris Matthews\r'),(226,'Brian Quick\r'),(227,'Kenny Britt\r'),(228,'Jared Cook\r'),(229,'Stedman Bailey\r'),(230,'Jimmy Graham\r'),(231,'Doug Baldwin\r'),(232,'Ricardo Lockette\r'),(233,'Harry Douglas\r'),(234,'Vincent Jackson\r'),(235,'Delanie Walker\r'),(236,'Hakeem Nicks\r'),(237,'Mike Evans\r'),(238,'Luke Stocker\r'),(239,'Kendall Wright\r'),(240,'Russell Shepard\r'),(241,'Craig Stevens\r'),(242,'Louis Murphy Jr.\r'),(243,'Jorvorskie Lane\r'),(244,'Dez Bryant\r'),(245,'Rueben Randle\r'),(246,'Jason Witten\r'),(247,'Larry Donnell\r'),(248,'Odell Beckham Jr.\r'),(249,'Terrance Williams\r'),(250,'Victor Cruz\r'),(251,'Dwayne Harris\r'),(252,'Cole Beasley\r'),(253,'Daniel Fells\r'),(254,'Levine Toilolo\r'),(255,'Zach Ertz\r'),(256,'Leonard Hankerson\r'),(257,'Riley Cooper\r'),(258,'Roddy White\r'),(259,'Julio Jones\r'),(260,'Jordan Matthews\r'),(261,'Brent Celek\r'),(262,'Vernon Davis\r'),(263,'Kyle Rudolph\r'),(264,'Charles Johnson WR\r'),(265,'Quinton Patton\r'),(266,'Torrey Smith\r'),(267,'Jerome Simpson\r'),(268,'Jarius Wright\r'),(269,'Travis Kelce\r'),(270,'Junior Hemingway\r'),(271,'Jason Avant\r'),(272,'Albert Wilson\r'),(273,'Demaryius Thomas\r'),(274,'Owen Daniels\r'),(275,'Emmanuel Sanders\r'),(276,'Chris Conley\r'),(277,'Andre Caldwell\r'),(278,'Gary Barnidge\r'),(279,'Andrew Hawkins\r'),(280,'Brian Hartline\r'),(281,'Rob Housler\r'),(282,'Dwayne Bowe\r'),(283,'Jarvis Landry\r'),(284,'Justin Blackmon\r'),(285,'Greg Jennings\r'),(286,'Jordan Cameron\r'),(287,'Julius Thomas\r'),(288,'Kenny Stills\r'),(289,'Rishard Matthews\r'),(290,'Allen Robinson\r'),(291,'Marcedes Lewis\r'),(292,'Randall Cobb\r'),(293,'Jeff Janis\r'),(294,'Richard Rodgers\r'),(295,'Jordy Nelson\r'),(296,'Davante Adams\r'),(297,'John Kuhn\r'),(298,'Coby Fleener\r'),(299,'Donte Moncrief\r'),(300,'Brandon Marshall WR\r'),(301,'T.Y. Hilton\r'),(302,'Jeremy Kerley\r'),(303,'Griff Whalen\r'),(304,'T.J. Graham\r'),(305,'Eric Decker\r'),(306,'Devin Smith\r'),(307,'Pierre Garcon\r'),(308,'Jamison Crowder\r'),(309,'Niles Paul\r'),(310,'Antonio Gates\r'),(311,'Keenan Allen\r'),(312,'Malcom Floyd\r'),(313,'Cordarrelle Patterson\r'),(314,'Michael Floyd\r'),(315,'Larry Fitzgerald\r'),(316,'John Brown\r'),(317,'Darren Fells\r'),(318,'Jaron Brown\r'),(319,'Troy Niklas\r'),(320,'Vance McDonald\r'),(321,'Eric Ebron\r'),(322,'Calvin Johnson\r'),(323,'Corey Fuller\r'),(324,'Cody Latimer\r'),(325,'Greg Salas\r'),(326,'Breshad Perriman\r'),(327,'Dennis Pitta\r'),(328,'Marlon Brown\r'),(329,'Kamar Aiken\r'),(330,'Michael Campanaro\r'),(331,'Jace Amaro\r'),(332,'Allen Hurns\r'),(333,'Cory Harkey\r'),(334,'Brandin Cooks\r'),(335,'Benjamin Watson\r'),(336,'Josh Morgan\r'),(337,'Marques Colston\r'),(338,'Devin Street\r'),(339,'Gavin Escobar\r'),(340,'Andre Roberts\r'),(341,'Jordan Reed\r'),(342,'A.J. Green\r'),(343,'Robert Woods\r'),(344,'Mohamed Sanu\r'),(345,'Sammy Watkins\r'),(346,'Charles Clay\r'),(347,'Percy Harvin\r'),(348,'Tyler Eifert\r'),(349,'Marvin Jones\r'),(350,'Tyler Kroft\r'),(351,'Brandon Tate\r'),(352,'Alshon Jeffery\r'),(353,'Kevin White\r'),(354,'Martellus Bennett\r'),(355,'Eddie Royal\r'),(356,'Marquess Wilson\r'),(357,'Lee Smith\r'),(358,'Amari Cooper\r'),(359,'Austin Pettis\r'),(360,'Rod Streater\r'),(361,'Kelvin Benjamin\r'),(362,'Greg Olsen\r'),(363,'Miles Austin\r'),(364,'Jarrett Boykin\r'),(365,'Ed Dickson\r'),(366,'Nelson Agholor\r'),(367,'Jerricho Cotchery\r'),(368,'Ladarius Green\r'),(369,'Phillip Dorsett\r'),(370,'Dwayne Allen\r'),(371,'Jack Doyle\r'),(372,'Andrew Quarless\r'),(373,'Fred Davis\r'),(374,'Justin Hunter\r'),(375,'Dorial Green-Beckham\r'),(376,'Nick Toon\r'),(377,'DeVante Parker\r'),(378,'Dion Sims\r'),(379,'Andre Holmes\r'),(380,'Antwan Goodley\r'),(381,'Joshua Bellamy\r'),(382,'Marqise Lee\r'),(383,'Virgil Green\r'),(384,'DeAndre Hopkins\r'),(385,'Jaelen Strong\r'),(386,'Garrett Graham\r'),(387,'C.J. Fiedorowicz\r'),(388,'Cecil Shorts\r'),(389,'Nate Washington\r'),(390,'Brice Butler\r'),(391,'Michael Burton\r'),(392,'Kellen Davis\r'),(393,'Jeff Cumberland\r'),(394,'Tommy Bohanon\r'),(395,'Dezmin Lewis\r'),(396,'Chris Hogan\r'),(397,'Erik Lorig\r'),(398,'James Develin\r'),(399,'Duron Carter\r'),(400,'Sammie Coates\r'),(401,'Jim Dray\r'),(402,'Luke Willson\r'),(403,'Mychal Rivera\r'),(404,'Will Johnson\r'),(405,'Devin Gardner\r'),(406,'Kevin Ogletree\r'),(407,'Lawrence Vickers\r'),(408,'Adrien Robinson\r'),(409,'Chris Givens\r'),(410,'Tony Scheffler\r'),(411,'Lance Kendricks\r'),(412,'Nate Burleson\r'),(413,'Titus Young\r'),(414,'Brandon Pettigrew\r'),(415,'Ovie Mughelli\r'),(416,'Dallas Clark\r'),(417,'Arrelious Benn\r'),(418,'Mike Williams TB\r'),(419,'Jordan Shipley\r'),(420,'Jacob Hester\r'),(421,'Jacob Tamme\r'),(422,'Joel Dreessen\r'),(423,'Jermaine Gresham\r'),(424,'Vonta Leach\r'),(425,'Jacoby Jones\r'),(426,'Armon Binns\r'),(427,'Robert Meachem\r'),(428,'Jeremy Shockey\r'),(429,'Randy McMichael\r'),(430,'Darrius Heyward-Bey\r'),(431,'Jacoby Ford\r'),(432,'Jermichael Finley\r'),(433,'Brandon Marshall\r'),(434,'Eric Weems\r'),(435,'Donald Driver\r'),(436,'Lavelle Hawkins\r'),(437,'Dustin Keller\r'),(438,'Josh Baker\r'),(439,'Ryan Broyles\r'),(440,'Mario Manningham\r'),(441,'Jason Hill\r'),(442,'Tony Gonzalez\r'),(443,'Domenik Hixon\r'),(444,'John Carlson\r'),(445,'Early Doucet\r'),(446,'Todd Heap\r'),(447,'Chad Hall\r'),(448,'Sidney Rice\r'),(449,'Kellen Winslow\r'),(450,'Braylon Edwards\r'),(451,'Zach Miller\r'),(452,'Davone Bess\r'),(453,'Legedu Naanee\r'),(454,'Roy Williams\r'),(455,'Ahmard Hall\r'),(456,'Stephen Williams\r'),(457,'Michael Egnew\r'),(458,'Earl Bennett\r'),(459,'Damian Williams\r'),(460,'Jared Cook Jr.\r'),(461,'Vincent Brown\r'),(462,'David Thomas\r'),(463,'Plaxico Burress\r'),(464,'Kevin Walter\r'),(465,'Stephen Hill\r'),(466,'Chaz Schilens\r'),(467,'Michael Palmer\r'),(468,'Jonathan Baldwin\r'),(469,'Kevin Boss\r'),(470,'Steve Breaston\r'),(471,'Josh Cribbs\r'),(472,'Mark Clayton\r'),(473,'Naaman Roosevelt\r'),(474,'Scott Chandler\r'),(475,'Mike Williams old\r'),(476,'Reggie Wayne\r'),(477,'Jeremy Ross\r'),(478,'Austin Collie\r'),(479,'Santana Moss\r'),(480,'Armanti Edwards\r'),(481,'Brandon Lloyd\r'),(482,'Deion Branch\r'),(483,'Danny Amendola\r'),(484,'Joe Adams\r'),(485,'Anthony Fasano\r'),(486,'Lance Moore\r'),(487,'Devery Henderson\r'),(488,'Travis Benjamin\r'),(489,'Greg Little\r'),(490,'Brice McCain\r'),(491,'Corey McIntyre\r'),(492,'Laurent Robinson\r'),(493,'Mike Thomas\r'),(494,'Chastin West\r'),(495,'Greg Childs\r'),(496,'Jerome Felton\r'),(497,'Aaron Hernandez\r'),(498,'Chris Pressley\r'),(499,'David Johnson TE\r'),(500,'James Hanna\r'),(501,'Greg Jones\r'),(502,'James Jones\r'),(503,'Jabar Gaffney\r'),(504,'Carlton Mitchell\r'),(505,'Damaris Johnson\r'),(506,'Clay Harbor\r'),(507,'Taiwan Jones\r'),(508,'Shaun Chapas\r'),(509,'Jerrel Jernigan\r'),(510,'Matthew Slater\r'),(511,'Ted Ginn\r'),(512,'\r');
/*!40000 ALTER TABLE `player` ENABLE KEYS */;
UNLOCK TABLES;

--
-- Table structure for table `pos`
--

DROP TABLE IF EXISTS `pos`;
/*!40101 SET @saved_cs_client     = @@character_set_client */;
/*!40101 SET character_set_client = utf8 */;
CREATE TABLE `pos` (
  `Pos_ID` smallint(6) NOT NULL,
  `Pos_Abbr` varchar(2) DEFAULT NULL,
  PRIMARY KEY (`Pos_ID`)
) ENGINE=InnoDB DEFAULT CHARSET=utf8mb4 COLLATE=utf8mb4_general_ci;
/*!40101 SET character_set_client = @saved_cs_client */;

--
-- Dumping data for table `pos`
--

LOCK TABLES `pos` WRITE;
/*!40000 ALTER TABLE `pos` DISABLE KEYS */;
INSERT INTO `pos` VALUES (1,'QB'),(2,'P\r'),(3,'HB'),(4,'FB'),(5,'WR'),(6,'TE'),(7,'CB');
/*!40000 ALTER TABLE `pos` ENABLE KEYS */;
UNLOCK TABLES;

--
-- Table structure for table `rec_statline`
--

DROP TABLE IF EXISTS `rec_statline`;
/*!40101 SET @saved_cs_client     = @@character_set_client */;
/*!40101 SET character_set_client = utf8 */;
CREATE TABLE `rec_statline` (
  `Rec_Stat_ID` smallint(6) NOT NULL,
  `Player_ID` smallint(6) NOT NULL,
  `Game_ID` smallint(6) NOT NULL,
  `Team_ID` smallint(6) NOT NULL,
  `Pos_ID` smallint(6) NOT NULL,
  `Rec` smallint(6) DEFAULT NULL,
  `Yds` smallint(6) DEFAULT NULL,
  `TD` smallint(6) DEFAULT NULL,
  PRIMARY KEY (`Rec_Stat_ID`),
  KEY `Player_ID` (`Player_ID`),
  KEY `Game_ID` (`Game_ID`),
  KEY `Team_ID` (`Team_ID`),
  KEY `Pos_ID` (`Pos_ID`),
  CONSTRAINT `rec_statline_ibfk_1` FOREIGN KEY (`Player_ID`) REFERENCES `player` (`Player_ID`),
  CONSTRAINT `rec_statline_ibfk_2` FOREIGN KEY (`Game_ID`) REFERENCES `game` (`Game_ID`),
  CONSTRAINT `rec_statline_ibfk_3` FOREIGN KEY (`Team_ID`) REFERENCES `team` (`Team_ID`),
  CONSTRAINT `rec_statline_ibfk_4` FOREIGN KEY (`Pos_ID`) REFERENCES `pos` (`Pos_ID`)
) ENGINE=InnoDB DEFAULT CHARSET=utf8mb4 COLLATE=utf8mb4_general_ci;
/*!40101 SET character_set_client = @saved_cs_client */;

--
-- Dumping data for table `rec_statline`
--

LOCK TABLES `rec_statline` WRITE;
/*!40000 ALTER TABLE `rec_statline` DISABLE KEYS */;
INSERT INTO `rec_statline` VALUES (1,214,338,2,5,6,122,1),(2,215,338,1,5,8,114,0),(3,216,338,1,5,7,88,1),(4,217,338,1,5,3,57,0),(5,218,338,1,6,2,33,0),(6,219,338,2,5,3,32,0),(7,52,338,1,3,4,31,1),(8,220,338,2,6,3,31,1),(9,221,338,2,5,3,23,1),(10,222,338,1,3,1,10,0),(11,54,338,2,3,2,6,0),(12,223,338,1,6,1,4,0),(13,51,338,2,3,2,3,0),(14,224,339,3,5,4,88,1),(15,225,339,3,5,4,64,0),(16,55,339,4,3,4,59,0),(17,226,339,4,5,5,52,1),(18,227,339,4,5,2,39,0),(19,228,339,4,6,5,36,1),(20,229,339,4,5,1,34,0),(21,230,339,3,6,4,31,1),(22,56,339,3,3,1,28,0),(23,231,339,3,5,3,21,0),(24,87,339,3,3,1,13,1),(25,232,339,3,5,1,11,0),(26,88,339,3,4,1,9,0),(27,233,340,5,5,5,114,0),(28,234,340,6,5,8,113,0),(29,235,340,5,6,4,66,0),(30,236,340,5,5,3,54,0),(31,58,340,5,3,4,36,0),(32,237,340,6,5,3,15,0),(33,238,340,6,6,1,7,0),(34,239,340,5,5,1,7,0),(35,240,340,6,5,1,7,1),(36,241,340,5,6,1,6,1),(37,59,340,6,3,2,5,0),(38,242,340,6,5,1,5,0),(39,243,340,6,4,1,4,0),(40,244,341,8,5,6,104,1),(41,245,341,7,5,3,47,0),(42,246,341,8,6,2,41,1),(43,247,341,7,6,2,36,0),(44,248,341,7,5,3,32,0),(45,249,341,8,5,3,29,0),(46,63,341,7,3,4,25,0),(47,250,341,7,5,1,15,0),(48,251,341,7,5,1,15,0),(49,61,341,8,3,2,12,0),(50,252,341,8,5,2,9,1),(51,253,341,7,6,1,4,0),(52,254,342,10,6,4,70,0),(53,255,342,9,6,6,65,0),(54,256,342,10,5,8,64,1),(55,257,342,9,5,4,60,0),(56,258,342,10,5,5,59,0),(57,259,342,10,5,5,42,0),(58,260,342,9,5,2,40,0),(59,66,342,9,3,6,33,0),(60,261,342,9,6,1,19,0),(61,67,342,10,3,4,-1,0),(62,142,343,11,5,5,62,0),(63,72,343,12,3,4,11,0),(64,262,343,12,6,4,20,0),(65,263,343,11,6,4,35,0),(66,264,343,11,5,3,31,0),(67,150,343,12,5,2,50,0),(68,265,343,12,5,1,4,0),(69,266,343,12,5,1,6,0),(70,74,343,11,4,1,13,0),(71,267,343,12,5,1,3,0),(72,268,343,11,5,1,7,0),(73,73,343,11,3,1,11,0),(74,71,343,11,3,1,9,0),(75,269,344,14,6,6,70,0),(76,156,344,14,5,3,30,0),(77,270,344,14,5,2,32,0),(78,271,344,14,5,1,11,0),(79,272,344,14,5,1,8,0),(80,76,344,14,3,3,32,0),(81,273,344,13,5,4,58,1),(82,274,344,13,6,4,76,0),(83,275,344,13,5,2,20,0),(84,77,344,13,3,2,5,1),(85,276,344,14,5,1,14,0),(86,277,344,13,5,1,6,0),(87,79,344,14,3,1,7,0),(88,80,344,14,4,1,14,0),(89,235,345,5,6,6,69,0),(90,278,345,15,6,3,65,1),(91,233,345,5,5,2,51,1),(92,279,345,15,5,4,47,0),(93,81,345,15,3,4,40,0),(94,280,345,15,5,1,29,0),(95,58,345,5,3,5,28,1),(96,239,345,5,5,1,22,0),(97,236,345,5,5,1,15,0),(98,185,345,15,5,1,14,0),(99,281,345,15,6,1,14,0),(100,282,345,15,5,1,8,0),(101,60,345,5,3,1,4,0),(102,283,346,16,5,4,91,0),(103,284,346,17,5,4,83,0),(104,285,346,16,5,5,68,0),(105,84,346,17,3,5,65,1),(106,286,346,16,6,3,53,0),(107,287,346,17,6,4,44,0),(108,288,346,16,5,2,41,0),(109,289,346,16,5,1,31,0),(110,85,346,16,3,1,7,0),(111,290,346,17,5,1,5,0),(112,291,346,17,6,1,1,0),(113,83,346,16,3,1,0,1),(114,230,347,3,6,9,167,1),(115,292,347,18,5,8,80,1),(116,86,347,18,3,4,54,0),(117,293,347,18,5,3,39,0),(118,224,347,3,5,3,38,0),(119,294,347,18,6,1,26,0),(120,295,347,18,5,3,26,0),(121,296,347,18,5,2,21,0),(122,231,347,3,5,1,6,0),(123,297,347,18,4,1,5,0),(124,56,347,3,3,1,0,0),(125,298,348,20,6,8,119,2),(126,299,348,20,5,5,76,0),(127,202,348,20,5,3,75,0),(128,300,348,19,5,2,62,0),(129,301,348,20,5,6,55,1),(130,302,348,19,5,3,51,1),(131,89,348,20,3,2,24,0),(132,90,348,19,3,1,8,0),(133,303,348,20,5,1,4,0),(134,304,348,19,5,1,4,0),(135,305,348,19,5,1,3,0),(136,306,348,19,5,1,3,0),(137,250,349,7,5,4,72,0),(138,210,349,21,5,6,70,0),(139,251,349,7,5,2,36,0),(140,248,349,7,5,4,33,0),(141,245,349,7,5,5,20,2),(142,307,349,21,5,2,19,0),(143,308,349,21,5,2,16,0),(144,247,349,7,6,3,13,0),(145,63,349,7,3,2,11,0),(146,93,349,21,3,2,9,0),(147,309,349,21,6,1,2,0),(148,65,349,7,3,1,1,0),(149,310,350,22,6,5,78,1),(150,311,350,22,5,6,43,0),(151,312,350,22,5,2,43,0),(152,71,350,11,3,5,21,0),(153,268,350,11,5,1,18,0),(154,142,350,11,5,1,16,0),(155,313,350,11,5,1,14,0),(156,182,350,22,5,1,11,0),(157,263,350,11,6,1,6,0),(158,112,350,22,3,2,6,0),(159,96,350,22,3,1,0,0),(160,262,351,12,6,6,54,1),(161,314,351,23,5,5,49,0),(162,315,351,23,5,3,49,1),(163,316,351,23,5,4,48,1),(164,265,351,12,5,2,48,0),(165,317,351,23,6,5,39,0),(166,72,351,12,3,4,39,0),(167,266,351,12,5,3,32,0),(168,318,351,23,5,2,25,1),(169,97,351,23,3,3,20,0),(170,319,351,23,6,1,13,0),(171,320,351,12,6,1,13,0),(172,98,351,23,3,1,13,0),(173,275,352,13,5,5,180,2),(174,274,352,13,6,5,92,1),(175,321,352,24,6,6,81,0),(176,273,352,13,5,6,75,0),(177,322,352,24,5,6,69,0),(178,323,352,24,5,4,39,0),(179,171,352,24,5,4,30,0),(180,324,352,13,5,1,19,0),(181,99,352,24,3,1,19,0),(182,277,352,13,5,1,17,0),(183,77,352,13,3,3,15,0),(184,325,352,24,5,1,14,0),(185,269,353,14,6,7,114,1),(186,86,353,18,3,4,72,0),(187,295,353,18,5,5,62,1),(188,294,353,18,6,6,55,0),(189,292,353,18,5,4,44,1),(190,270,353,14,5,4,39,0),(191,296,353,18,5,2,31,0),(192,156,353,14,5,3,29,0),(193,271,353,14,5,1,13,0),(194,293,353,18,5,1,12,0),(195,297,353,18,4,1,8,0),(196,76,353,14,3,2,6,0),(197,272,353,14,5,1,5,0),(198,215,354,1,5,9,103,2),(199,326,354,25,5,4,86,1),(200,52,354,1,3,6,76,1),(201,217,354,1,5,5,71,0),(202,218,354,1,6,3,62,0),(203,100,354,25,3,3,60,0),(204,216,354,1,5,5,39,0),(205,327,354,25,6,3,28,0),(206,328,354,25,5,4,23,1),(207,329,354,25,5,1,19,0),(208,139,354,25,5,1,15,0),(209,330,354,25,5,1,11,1),(210,331,355,19,6,5,127,0),(211,286,355,16,6,6,105,0),(212,83,355,16,3,4,91,1),(213,285,355,16,5,4,77,1),(214,283,355,16,5,4,66,0),(215,300,355,19,5,2,58,0),(216,302,355,19,5,1,19,1),(217,305,355,19,5,1,19,0),(218,304,355,19,5,1,13,0),(219,90,355,19,3,3,13,0),(220,91,355,19,3,1,6,0),(221,332,356,17,5,7,93,0),(222,202,356,20,5,5,73,1),(223,301,356,20,5,3,54,0),(224,298,356,20,6,2,48,0),(225,284,356,17,5,4,40,0),(226,287,356,17,6,4,37,1),(227,89,356,20,3,3,27,0),(228,299,356,20,5,2,12,1),(229,84,356,17,3,2,3,0),(230,316,357,23,5,4,82,1),(231,226,357,4,5,5,76,0),(232,227,357,4,5,5,51,0),(233,315,357,23,5,3,50,0),(234,228,357,4,6,3,42,0),(235,314,357,23,5,3,33,0),(236,229,357,4,5,3,24,0),(237,333,357,4,4,2,22,0),(238,317,357,23,6,3,21,0),(239,97,357,23,3,3,17,0),(240,318,357,23,5,1,14,0),(241,57,357,4,3,1,13,0),(242,55,357,4,3,3,10,0),(243,334,358,26,5,5,96,1),(244,244,358,8,5,7,92,2),(245,246,358,8,6,7,82,1),(246,335,358,26,6,4,52,0),(247,249,358,8,5,3,50,0),(248,336,358,26,5,4,49,0),(249,337,358,26,5,5,36,1),(250,103,358,26,3,2,22,0),(251,104,358,26,3,2,19,0),(252,338,358,8,5,1,16,0),(253,61,358,8,3,3,12,0),(254,339,358,8,6,1,7,0),(255,252,358,8,5,1,3,0),(256,340,359,21,5,6,126,1),(257,259,359,10,5,6,90,0),(258,341,359,21,6,3,27,0),(259,254,359,10,6,1,26,0),(260,210,359,21,5,2,24,0),(261,307,359,21,5,1,21,0),(262,258,359,10,5,4,15,1),(263,256,359,10,5,1,11,0),(264,67,359,10,3,4,11,0),(265,70,359,10,4,1,10,0),(266,93,359,21,3,2,4,0),(267,342,360,27,5,2,73,0),(268,343,360,28,5,3,72,1),(269,344,360,27,5,3,51,0),(270,345,360,28,5,5,46,0),(271,107,360,27,3,4,42,0),(272,346,360,28,6,2,37,0),(273,347,360,28,5,2,35,1),(274,348,360,27,6,2,24,0),(275,349,360,27,5,3,23,0),(276,350,360,27,6,1,7,0),(277,351,360,27,5,1,6,0),(278,106,360,28,3,2,-3,0),(279,322,361,24,5,9,126,0),(280,352,361,29,5,4,122,3),(281,353,361,29,5,3,92,1),(282,354,361,29,6,7,72,0),(283,355,361,29,5,3,66,0),(284,99,361,24,3,2,50,0),(285,171,361,24,5,2,20,0),(286,109,361,29,3,3,18,1),(287,321,361,24,6,2,14,1),(288,325,361,24,5,1,14,0),(289,356,361,29,5,1,5,0),(290,311,362,22,5,8,101,0),(291,357,362,30,6,4,75,1),(292,310,362,22,6,6,73,2),(293,111,362,30,3,4,67,0),(294,182,362,22,5,4,39,1),(295,358,362,30,5,2,27,0),(296,159,362,30,5,2,21,0),(297,359,362,22,5,1,14,0),(298,312,362,22,5,1,8,0),(299,360,362,30,5,1,5,0),(300,96,362,22,3,1,3,0),(301,361,363,31,5,3,108,2),(302,66,363,9,3,5,79,0),(303,362,363,31,6,4,55,0),(304,255,363,9,6,4,50,0),(305,260,363,9,5,5,50,0),(306,363,363,9,5,3,46,0),(307,364,363,31,5,1,27,0),(308,365,363,31,6,1,21,0),(309,366,363,9,5,1,20,0),(310,114,363,31,3,1,15,0),(311,257,363,9,5,1,11,0),(312,261,363,9,6,1,6,0),(313,367,363,31,5,1,6,0),(314,68,363,9,3,1,4,0),(315,259,364,10,5,6,92,0),(316,254,364,10,6,6,58,0),(317,59,364,6,3,3,38,0),(318,238,364,6,6,4,33,0),(319,256,364,10,5,2,18,0),(320,258,364,10,5,2,17,0),(321,117,364,6,3,1,16,0),(322,242,364,6,5,1,11,1),(323,234,364,6,5,1,8,0),(324,67,364,10,3,4,7,0),(325,70,364,10,4,1,5,0),(326,316,365,23,5,5,82,0),(327,278,365,15,6,3,77,0),(328,318,365,23,5,5,55,1),(329,314,365,23,5,3,45,0),(330,317,365,23,6,4,39,1),(331,282,365,15,5,2,28,0),(332,185,365,15,5,3,27,1),(333,281,365,15,6,1,15,0),(334,315,365,23,5,2,14,0),(335,280,365,15,5,1,11,0),(336,279,365,15,5,1,10,0),(337,97,365,23,3,3,3,0),(338,142,366,11,5,3,70,1),(339,354,366,29,6,4,63,0),(340,355,366,29,5,3,51,0),(341,356,366,29,5,1,26,0),(342,268,366,11,5,1,20,0),(343,313,366,11,5,1,19,0),(344,264,366,11,5,1,16,0),(345,71,366,11,3,2,16,0),(346,352,366,29,5,1,5,0),(347,109,366,29,3,1,5,0),(348,263,366,11,6,1,4,0),(349,327,367,25,6,7,146,0),(350,311,367,22,5,5,101,0),(351,182,367,22,5,2,64,1),(352,139,367,25,5,5,62,2),(353,326,367,25,5,4,60,0),(354,310,367,22,6,3,36,0),(355,312,367,22,5,4,34,0),(356,96,367,22,3,3,28,0),(357,359,367,22,5,2,19,0),(358,328,367,25,5,2,17,0),(359,112,367,22,3,2,10,1),(360,368,367,22,6,2,6,0),(361,100,367,25,3,1,5,0),(362,101,367,25,3,1,5,0),(363,299,368,20,5,5,91,1),(364,301,368,20,5,3,67,0),(365,361,368,31,5,3,50,1),(366,362,368,31,6,2,35,0),(367,303,368,20,5,3,34,0),(368,367,368,31,5,2,25,0),(369,369,368,20,5,1,24,0),(370,202,368,20,5,2,20,0),(371,298,368,20,6,1,15,0),(372,114,368,31,3,1,10,0),(373,364,368,31,5,1,7,0),(374,370,368,20,6,1,4,0),(375,371,368,20,6,1,4,0),(376,121,368,31,4,1,3,0),(377,89,368,20,3,1,1,0),(378,349,369,27,5,3,80,1),(379,282,369,15,5,5,62,0),(380,185,369,15,5,6,49,2),(381,342,369,27,5,3,49,0),(382,279,369,15,5,2,47,0),(383,278,369,15,6,6,45,1),(384,107,369,27,3,3,35,0),(385,348,369,27,6,3,25,0),(386,344,369,27,5,2,22,0),(387,81,369,15,3,3,17,0),(388,118,369,15,4,1,7,0),(389,295,370,18,5,10,144,1),(390,362,370,31,6,3,79,1),(391,292,370,18,5,4,62,0),(392,296,370,18,5,6,56,0),(393,86,370,18,3,3,41,1),(394,361,370,31,5,1,24,0),(395,367,370,31,5,3,17,0),(396,294,370,18,6,3,16,0),(397,114,370,31,3,1,12,0),(398,365,370,31,6,2,10,0),(399,372,370,18,6,1,9,0),(400,121,370,31,4,1,9,0),(401,364,370,31,5,1,4,1),(402,220,371,2,6,7,120,2),(403,341,371,21,6,6,93,1),(404,307,371,21,5,6,87,0),(405,219,371,2,5,3,58,0),(406,340,371,21,5,2,27,0),(407,51,371,2,3,3,18,0),(408,210,371,21,5,3,18,0),(409,93,371,21,3,2,14,0),(410,373,371,2,6,1,10,0),(411,309,371,21,6,1,4,0),(412,334,372,26,5,4,67,1),(413,235,372,5,6,4,66,0),(414,337,372,26,5,4,55,1),(415,239,372,5,5,3,53,0),(416,336,372,26,5,1,40,1),(417,58,372,5,3,3,36,0),(418,374,372,5,5,1,27,0),(419,236,372,5,5,2,20,0),(420,241,372,5,6,1,17,0),(421,335,372,26,6,2,9,0),(422,104,372,26,3,1,9,0),(423,233,372,5,5,1,6,0),(424,375,372,5,5,1,6,0),(425,376,372,26,5,1,6,0),(426,122,372,5,4,1,4,0),(427,103,372,26,3,1,3,0),(428,283,373,16,5,5,135,1),(429,345,373,28,5,6,105,1),(430,285,373,16,5,5,83,1),(431,286,373,16,6,5,67,0),(432,347,373,28,5,4,56,0),(433,106,373,28,3,2,40,1),(434,377,373,16,5,1,29,1),(435,83,373,16,3,3,23,0),(436,288,373,16,5,3,18,0),(437,346,373,28,6,2,13,0),(438,378,373,16,6,1,3,0),(439,215,374,1,5,4,79,0),(440,358,374,30,5,4,40,0),(441,360,374,30,5,2,38,0),(442,357,374,30,6,2,28,0),(443,159,374,30,5,2,22,0),(444,379,374,30,5,1,19,0),(445,217,374,1,5,1,16,0),(446,218,374,1,6,2,16,0),(447,52,374,1,3,1,15,0),(448,216,374,1,5,2,9,0),(449,111,374,30,3,4,7,0),(450,113,374,30,3,1,3,0),(451,237,375,6,5,6,84,0),(452,245,375,7,5,6,82,0),(453,250,375,7,5,4,75,0),(454,234,375,6,5,3,28,1),(455,238,375,6,6,2,26,0),(456,242,375,6,5,1,25,0),(457,248,375,7,5,2,25,0),(458,59,375,6,3,8,22,0),(459,63,375,7,3,3,21,1),(460,247,375,7,6,3,18,0),(461,240,375,6,5,1,15,0),(462,65,375,7,3,1,12,0),(463,206,375,7,4,1,7,0),(464,252,376,8,5,6,129,1),(465,244,376,8,5,3,97,1),(466,255,376,9,6,9,95,0),(467,246,376,8,6,2,61,0),(468,363,376,9,5,4,61,2),(469,257,376,9,5,3,61,0),(470,261,376,9,6,3,33,0),(471,249,376,8,5,4,32,2),(472,260,376,9,5,5,30,0),(473,66,376,9,3,3,20,1),(474,366,376,9,5,1,19,0),(475,380,376,8,5,1,9,1),(476,68,376,9,3,1,7,0),(477,61,376,8,3,1,4,0),(478,352,377,29,5,6,175,1),(479,353,377,29,5,6,132,1),(480,55,377,4,3,3,109,1),(481,228,377,4,6,5,76,0),(482,227,377,4,5,6,54,0),(483,226,377,4,5,3,39,0),(484,356,377,29,5,2,31,1),(485,354,377,29,6,3,27,1),(486,229,377,4,5,1,20,0),(487,355,377,29,5,2,17,0),(488,381,377,29,5,1,14,0),(489,110,377,29,3,1,2,0),(490,139,378,25,5,3,115,2),(491,284,378,17,5,5,112,1),(492,326,378,25,5,5,89,0),(493,327,378,25,6,7,70,1),(494,287,378,17,6,6,62,0),(495,328,378,25,5,4,55,0),(496,290,378,17,5,1,27,0),(497,84,378,17,3,2,11,0),(498,131,378,17,4,1,8,0),(499,332,378,17,5,1,7,0),(500,382,378,17,5,1,7,0),(501,100,378,25,3,1,3,0),(502,324,379,13,5,6,140,1),(503,274,379,13,6,8,92,0),(504,273,379,13,5,5,83,0),(505,272,379,14,5,3,80,1),(506,277,379,13,5,3,54,0),(507,275,379,13,5,5,39,1),(508,156,379,14,5,2,20,0),(509,383,379,13,6,1,10,0),(510,269,379,14,6,3,7,0),(511,77,379,13,3,2,1,0),(512,348,380,27,6,5,121,1),(513,384,380,32,5,8,77,0),(514,349,380,27,5,6,71,0),(515,342,380,27,5,4,36,0),(516,385,380,32,5,3,30,0),(517,386,380,32,6,2,27,0),(518,344,380,27,5,2,22,0),(519,387,380,32,6,2,19,0),(520,107,380,27,3,4,16,0),(521,388,380,32,5,1,16,0),(522,389,380,32,5,2,13,0),(523,351,380,27,5,1,10,0),(524,108,380,27,3,1,9,0),(525,125,380,32,3,2,7,0),(526,126,380,32,3,1,4,0),(527,322,381,24,5,4,136,3),(528,360,381,30,5,3,60,0),(529,358,381,30,5,4,52,0),(530,323,381,24,5,3,43,0),(531,159,381,30,5,3,30,0),(532,390,381,30,5,1,27,0),(533,111,381,30,3,3,22,0),(534,321,381,24,6,2,20,0),(535,391,381,24,4,1,5,0),(536,113,381,30,3,1,3,0),(537,300,382,19,5,7,97,1),(538,305,382,19,5,7,75,0),(539,331,382,19,6,8,75,1),(540,386,382,32,6,5,46,0),(541,384,382,32,5,4,37,0),(542,302,382,19,5,3,34,0),(543,125,382,32,3,4,23,0),(544,304,382,19,5,2,22,0),(545,385,382,32,5,2,17,0),(546,389,382,32,5,2,14,0),(547,392,382,19,6,1,9,0),(548,393,382,19,6,1,5,0),(549,394,382,19,4,1,5,0),(550,306,382,19,5,1,1,0),(551,56,383,3,3,3,60,0),(552,230,383,3,6,5,52,1),(553,231,383,3,5,2,52,1),(554,224,383,3,5,2,50,0),(555,262,383,12,6,3,49,0),(556,72,383,12,3,4,41,0),(557,225,383,3,5,2,19,0),(558,266,383,12,5,2,19,0),(559,150,383,12,5,1,9,0),(560,267,383,12,5,2,7,0),(561,75,383,12,3,1,2,0),(562,219,384,2,5,6,129,0),(563,347,384,28,5,2,71,2),(564,345,384,28,5,4,55,0),(565,346,384,28,6,4,53,0),(566,106,384,28,3,2,40,0),(567,214,384,2,5,4,40,0),(568,51,384,2,3,3,31,0),(569,221,384,2,5,3,28,0),(570,220,384,2,6,4,25,1),(571,395,384,28,5,1,7,0),(572,396,384,28,5,1,7,0),(573,343,384,28,5,1,6,0),(574,384,385,32,5,4,54,0),(575,386,385,32,6,3,54,0),(576,337,385,26,5,5,49,0),(577,335,385,26,6,5,47,1),(578,389,385,32,5,3,42,0),(579,336,385,26,5,3,41,0),(580,103,385,26,3,5,29,0),(581,385,385,32,5,2,29,0),(582,334,385,26,5,3,27,0),(583,388,385,32,5,3,21,0),(584,104,385,26,3,1,14,0),(585,397,385,26,4,1,9,0),(586,125,385,32,3,1,7,0),(587,385,386,32,5,4,127,1),(588,125,386,32,3,6,73,0),(589,220,386,2,6,4,60,0),(590,384,386,32,5,5,57,0),(591,219,386,2,5,3,56,0),(592,51,386,2,3,4,47,0),(593,221,386,2,5,2,25,0),(594,386,386,32,6,3,24,0),(595,387,386,32,6,1,18,0),(596,389,386,32,5,1,9,0),(597,398,386,2,4,1,-1,0),(598,244,387,8,5,6,66,0),(599,295,387,18,5,4,55,0),(600,292,387,18,5,3,55,0),(601,296,387,18,5,2,47,0),(602,61,387,8,3,6,39,2),(603,252,387,8,5,4,37,1),(604,246,387,8,6,3,32,0),(605,294,387,18,6,3,30,1),(606,249,387,8,5,1,19,0),(607,86,387,18,3,1,16,0),(608,297,387,18,4,1,4,0),(609,202,388,20,5,4,86,1),(610,389,388,32,5,4,84,0),(611,386,388,32,6,5,67,0),(612,301,388,20,5,4,50,0),(613,384,388,32,5,3,50,0),(614,385,388,32,5,2,46,0),(615,89,388,20,3,2,37,0),(616,298,388,20,6,2,25,0),(617,399,388,20,5,1,13,0),(618,299,388,20,5,1,9,0),(619,388,388,32,5,1,8,0),(620,303,388,20,5,1,7,0),(621,230,389,3,6,2,99,1),(622,185,389,15,5,4,86,0),(623,224,389,3,5,3,72,0),(624,225,389,3,5,3,67,0),(625,278,389,15,6,4,54,0),(626,280,389,15,5,2,34,0),(627,231,389,3,5,3,30,0),(628,81,389,15,3,3,20,0),(629,282,389,15,5,2,12,1),(630,56,389,3,3,1,8,0),(631,215,390,1,5,5,83,1),(632,274,390,13,6,7,71,0),(633,273,390,13,5,5,67,0),(634,275,390,13,5,4,62,0),(635,216,390,1,5,3,57,0),(636,324,390,13,5,4,50,1),(637,217,390,1,5,3,48,1),(638,218,390,1,6,3,25,1),(639,383,390,13,6,1,12,0),(640,52,390,1,3,1,9,0),(641,77,390,13,3,2,6,0),(642,185,391,15,5,5,109,0),(643,156,391,14,5,5,74,0),(644,269,391,14,6,6,70,1),(645,272,391,14,5,2,66,1),(646,271,391,14,5,4,38,0),(647,278,391,15,6,2,33,1),(648,270,391,14,5,3,33,1),(649,81,391,15,3,4,30,0),(650,279,391,15,5,1,11,0),(651,76,391,14,3,1,9,0),(652,281,391,15,6,1,2,1),(653,259,392,10,5,7,139,0),(654,361,392,31,5,6,83,0),(655,256,392,10,5,3,74,1),(656,362,392,31,6,4,45,0),(657,114,392,31,3,4,27,0),(658,258,392,10,5,2,23,0),(659,254,392,10,6,1,9,0),(660,364,392,31,5,2,9,0),(661,67,392,10,3,3,9,0),(662,174,392,10,5,1,8,0),(663,367,392,31,5,1,6,0),(664,69,392,10,3,1,-3,0),(665,185,393,15,5,6,129,1),(666,216,393,1,5,4,81,0),(667,217,393,1,5,4,72,0),(668,218,393,1,6,3,68,0),(669,278,393,15,6,4,53,0),(670,279,393,15,5,3,51,0),(671,52,393,1,3,5,46,0),(672,400,393,1,5,2,44,0),(673,215,393,1,5,4,28,2),(674,282,393,15,5,1,12,0),(675,81,393,15,3,3,8,0),(676,281,393,15,6,2,8,0),(677,401,393,15,6,1,2,0),(678,82,393,15,3,1,2,0),(679,296,394,18,5,7,118,1),(680,142,394,11,5,3,106,0),(681,292,394,18,5,5,58,1),(682,264,394,11,5,3,49,0),(683,71,394,11,3,3,49,0),(684,263,394,11,6,3,45,0),(685,294,394,18,6,4,43,0),(686,128,394,18,3,1,23,0),(687,86,394,18,3,1,22,0),(688,295,394,18,5,5,16,0),(689,268,394,11,5,1,13,0),(690,293,394,18,5,1,7,0),(691,275,395,13,5,3,109,0),(692,310,395,22,6,8,98,0),(693,311,395,22,5,7,80,0),(694,274,395,13,6,4,45,0),(695,182,395,22,5,3,41,0),(696,324,395,13,5,3,33,0),(697,359,395,22,5,2,24,0),(698,273,395,13,5,2,19,1),(699,96,395,22,3,2,12,0),(700,77,395,13,3,1,6,0),(701,230,396,3,6,8,116,2),(702,231,396,3,5,5,55,0),(703,314,396,23,5,4,45,0),(704,224,396,3,5,4,39,1),(705,315,396,23,5,3,39,0),(706,402,396,3,6,1,23,0),(707,97,396,23,3,1,7,0),(708,56,396,3,3,1,-4,0),(709,298,397,20,6,8,157,1),(710,236,397,5,5,4,126,0),(711,299,397,20,5,4,57,1),(712,233,397,5,5,1,46,0),(713,301,397,20,5,3,41,0),(714,202,397,20,5,3,33,0),(715,58,397,5,3,2,14,0),(716,303,397,20,5,1,9,0),(717,239,397,5,5,1,6,0),(718,89,397,20,3,2,6,0),(719,122,397,5,4,1,1,0),(720,237,398,6,5,7,102,0),(721,362,398,31,6,4,65,1),(722,234,398,6,5,4,59,0),(723,238,398,6,6,2,32,0),(724,364,398,31,5,1,22,0),(725,242,398,6,5,1,14,0),(726,367,398,31,5,1,10,0),(727,121,398,31,4,1,-2,0),(728,259,399,10,5,9,193,2),(729,337,399,26,5,6,171,1),(730,335,399,26,6,3,90,1),(731,254,399,10,6,6,82,0),(732,336,399,26,5,4,70,1),(733,334,399,26,5,4,62,0),(734,256,399,10,5,4,45,0),(735,258,399,10,5,4,29,1),(736,67,399,10,3,3,29,0),(737,103,399,26,3,2,15,0),(738,252,400,8,5,7,176,3),(739,244,400,8,5,8,106,1),(740,93,400,21,3,2,70,0),(741,340,400,21,5,3,68,0),(742,341,400,21,6,4,61,0),(743,246,400,8,6,3,45,0),(744,210,400,21,5,3,45,1),(745,307,400,21,5,3,34,1),(746,249,400,8,5,2,31,1),(747,380,400,8,5,1,16,0),(748,61,400,8,3,1,7,0),(749,339,400,8,6,1,5,0),(750,94,400,21,3,1,3,0),(751,269,401,14,6,3,72,2),(752,111,401,30,3,9,49,0),(753,360,401,30,5,5,48,1),(754,357,401,30,6,3,43,0),(755,156,401,14,5,3,25,0),(756,159,401,30,5,2,18,0),(757,403,401,30,6,1,18,0),(758,270,401,14,5,1,11,0),(759,379,401,30,5,1,2,0),(760,113,401,30,3,1,1,0),(761,358,401,30,5,2,-2,0),(762,385,402,32,5,4,84,1),(763,384,402,32,5,3,82,0),(764,284,402,17,5,4,80,1),(765,287,402,17,6,6,65,0),(766,389,402,32,5,5,65,1),(767,386,402,32,6,6,23,0),(768,332,402,17,5,2,17,0),(769,290,402,17,5,2,17,0),(770,291,402,17,6,2,15,0),(771,84,402,17,3,2,9,0),(772,131,402,17,4,2,7,0),(773,125,402,32,3,1,3,0),(774,298,403,20,6,9,111,1),(775,301,403,20,5,5,104,0),(776,384,403,32,5,6,95,1),(777,299,403,20,5,4,47,0),(778,389,403,32,5,4,39,0),(779,125,403,32,3,4,31,1),(780,89,403,20,3,4,31,1),(781,370,403,20,6,2,28,0),(782,386,403,32,6,3,27,1),(783,399,403,20,5,1,27,1),(784,385,403,32,5,3,24,0),(785,202,403,20,5,1,4,0),(786,254,404,10,6,8,94,0),(787,244,404,8,5,8,92,2),(788,246,404,8,6,7,80,0),(789,256,404,10,5,5,55,1),(790,259,404,10,5,5,50,1),(791,61,404,8,3,3,49,0),(792,252,404,8,5,2,42,0),(793,258,404,10,5,3,42,0),(794,249,404,8,5,2,29,0),(795,338,404,8,5,1,11,0),(796,339,404,8,6,1,5,0),(797,67,404,10,3,1,3,0),(798,215,405,1,5,6,107,0),(799,216,405,1,5,5,100,2),(800,185,405,15,5,7,94,2),(801,218,405,1,6,3,44,0),(802,52,405,1,3,3,41,0),(803,282,405,15,5,4,38,0),(804,278,405,15,6,3,36,1),(805,279,405,15,5,2,24,0),(806,217,405,1,5,2,13,0),(807,81,405,15,3,1,9,0),(808,280,405,15,5,1,8,0),(809,404,405,1,4,1,5,1),(810,400,405,1,5,1,2,0),(811,405,405,1,5,1,1,0),(812,224,406,3,5,5,206,2),(813,266,406,12,5,4,61,0),(814,230,406,3,6,5,60,0),(815,231,406,3,5,7,56,0),(816,267,406,12,5,1,51,1),(817,72,406,12,3,4,48,0),(818,150,406,12,5,3,38,1),(819,262,406,12,6,2,22,0),(820,225,406,3,5,2,17,0),(821,56,406,3,3,2,17,0),(822,320,406,12,6,1,13,0),(823,265,406,12,5,1,9,0),(824,402,406,3,6,1,5,0),(825,232,406,3,5,1,3,1),(826,220,407,2,6,5,91,0),(827,279,407,15,5,5,84,1),(828,214,407,2,5,2,78,1),(829,280,407,15,5,1,75,1),(830,185,407,15,5,5,59,0),(831,219,407,2,5,1,59,0),(832,278,407,15,6,4,51,0),(833,282,407,15,5,3,46,0),(834,81,407,15,3,3,23,0),(835,373,407,2,6,3,21,0),(836,221,407,2,5,1,13,0),(837,82,407,15,3,1,4,0),(838,281,407,15,6,1,-1,0),(839,295,408,18,5,7,110,0),(840,292,408,18,5,4,67,0),(841,224,408,3,5,5,66,1),(842,56,408,3,3,4,66,0),(843,296,408,18,5,4,63,0),(844,230,408,3,6,4,52,0),(845,231,408,3,5,3,33,1),(846,232,408,3,5,1,29,0),(847,294,408,18,6,2,23,1),(848,88,408,3,4,1,19,0),(849,225,408,3,5,2,17,0),(850,86,408,18,3,1,14,0),(851,293,408,18,5,2,14,0),(852,402,408,3,6,2,14,0),(853,372,408,18,6,1,9,0),(854,384,409,32,5,8,97,2),(855,125,409,32,3,4,61,0),(856,389,409,32,5,4,56,0),(857,269,409,14,6,4,51,0),(858,386,409,32,6,5,48,1),(859,270,409,14,5,3,46,0),(860,156,409,14,5,1,22,0),(861,385,409,32,5,3,21,0),(862,272,409,14,5,2,21,1),(863,76,409,14,3,2,16,0),(864,271,409,14,5,1,11,0),(865,364,410,31,5,3,72,0),(866,246,410,8,6,5,54,0),(867,252,410,8,5,5,52,0),(868,244,410,8,5,3,39,0),(869,61,410,8,3,5,21,0),(870,362,410,31,6,2,17,1),(871,338,410,8,5,2,17,0),(872,121,410,31,4,1,9,0),(873,367,410,31,5,1,7,1),(874,361,410,31,5,1,5,0),(875,114,410,31,3,2,5,0),(876,249,410,8,5,2,2,0),(877,220,411,2,6,9,113,1),(878,219,411,2,5,5,89,1),(879,384,411,32,5,4,67,0),(880,214,411,2,5,3,40,0),(881,385,411,32,5,2,31,0),(882,386,411,32,6,5,26,0),(883,373,411,2,6,1,25,0),(884,54,411,2,3,1,23,0),(885,389,411,32,5,2,20,0),(886,221,411,2,5,1,9,0),(887,51,411,2,3,1,7,0),(888,125,411,32,3,1,1,0),(889,296,412,18,5,8,174,2),(890,362,412,31,6,3,82,0),(891,292,412,18,5,7,72,1),(892,114,412,31,3,4,66,0),(893,295,412,18,5,3,38,0),(894,121,412,31,4,1,29,0),(895,365,412,31,6,1,28,0),(896,86,412,18,3,2,27,0),(897,294,412,18,6,2,27,0),(898,293,412,18,5,1,13,0),(899,361,412,31,5,3,9,1),(900,367,412,31,5,1,1,0),(901,362,413,31,6,6,73,0),(902,214,413,2,5,5,70,0),(903,220,413,2,6,6,65,1),(904,221,413,2,5,3,53,0),(905,219,413,2,5,4,39,0),(906,367,413,31,5,2,38,0),(907,361,413,31,5,3,34,0),(908,51,413,2,3,3,31,1),(909,364,413,31,5,2,27,1),(910,114,413,31,3,2,23,0),(911,250,414,7,5,6,134,2),(912,236,414,7,5,3,54,0),(913,245,414,7,5,1,29,0),(914,354,414,7,6,3,22,0),(915,363,414,8,5,1,18,0),(916,66,414,8,3,3,17,0),(917,406,414,8,5,1,17,0),(918,133,414,7,3,2,13,0),(919,246,414,8,6,2,12,0),(920,407,414,8,4,3,10,0),(921,408,414,7,6,1,6,0),(922,206,414,7,4,1,5,0),(923,132,414,8,3,1,2,0),(924,197,415,24,5,5,88,0),(925,409,415,4,5,5,86,1),(926,410,415,24,6,5,44,0),(927,411,415,4,6,3,44,0),(928,412,415,24,5,4,37,0),(929,214,415,4,5,2,30,0),(930,136,415,24,3,2,30,0),(931,413,415,24,5,2,26,0),(932,135,415,4,3,1,10,0),(933,359,415,4,5,1,9,0),(934,226,415,4,5,1,4,0),(935,414,415,24,6,1,3,0),(936,415,415,4,4,1,0,0),(937,416,416,6,6,5,83,1),(938,234,416,6,5,4,72,0),(939,417,416,6,5,4,41,0),(940,139,416,31,5,2,35,0),(941,362,416,31,6,2,33,0),(942,51,416,6,3,4,27,0),(943,418,416,6,5,1,14,0),(944,59,416,6,3,1,11,0),(945,419,416,6,5,1,10,0),(946,121,416,31,4,1,10,0),(947,278,416,31,6,1,5,0),(948,420,416,6,4,1,4,0),(949,275,417,1,5,4,88,0),(950,305,417,13,5,5,63,1),(951,218,417,1,6,4,40,0),(952,140,417,13,3,5,35,0),(953,142,417,1,5,4,33,0),(954,421,417,13,6,2,22,0),(955,273,417,13,5,2,17,0),(956,215,417,1,5,1,15,0),(957,141,417,1,3,1,14,0),(958,422,417,13,6,1,8,0),(959,344,418,27,5,2,50,0),(960,150,418,25,5,3,48,0),(961,266,418,25,5,3,38,0),(962,342,418,27,5,2,32,0),(963,146,418,25,3,4,29,0),(964,351,418,27,5,2,25,0),(965,365,418,25,6,2,22,0),(966,423,418,27,6,2,19,0),(967,424,418,25,4,2,15,0),(968,425,418,25,5,1,12,0),(969,426,418,27,5,1,7,0),(970,147,418,27,3,4,4,0),(971,310,419,22,6,5,80,1),(972,355,419,22,5,3,47,1),(973,427,419,22,5,3,36,0),(974,212,419,30,5,2,33,0),(975,428,419,30,6,1,27,0),(976,312,419,22,5,1,22,0),(977,151,419,30,3,2,21,0),(978,429,419,22,6,1,21,0),(979,430,419,30,5,3,17,0),(980,177,419,22,4,1,17,0),(981,431,419,30,5,1,11,0),(982,154,419,30,3,1,9,0),(983,115,419,22,3,1,-6,0),(984,285,420,18,5,5,96,1),(985,432,420,18,6,3,48,0),(986,174,420,29,5,3,37,0),(987,109,420,29,3,4,25,0),(988,433,420,29,5,2,24,0),(989,295,420,18,5,2,15,0),(990,297,420,18,4,1,15,0),(991,155,420,18,3,3,14,0),(992,223,420,29,6,1,12,0),(993,434,420,29,5,1,9,0),(994,435,420,18,5,2,8,1),(995,210,421,9,5,1,62,0),(996,425,421,25,5,2,32,0),(997,150,421,25,5,2,29,0),(998,365,421,25,6,2,16,0),(999,266,421,25,5,1,13,0),(1000,261,421,9,6,2,11,0),(1001,146,421,25,3,2,7,0),(1002,424,421,25,4,1,6,0),(1003,106,421,9,3,1,6,0),(1004,271,421,9,5,1,5,0),(1005,179,422,19,5,7,108,3),(1006,215,422,1,5,3,78,0),(1007,436,422,19,5,2,57,0),(1008,142,422,1,5,5,57,1),(1009,218,422,1,6,4,48,0),(1010,275,422,1,5,1,39,0),(1011,437,422,19,6,3,34,0),(1012,302,422,19,5,2,23,1),(1013,157,422,19,3,3,3,0),(1014,438,422,19,6,1,3,0),(1015,414,423,24,6,5,49,0),(1016,197,423,24,5,3,28,0),(1017,262,423,12,6,3,25,0),(1018,159,423,12,5,2,25,1),(1019,89,423,12,3,4,21,0),(1020,439,423,24,5,1,19,0),(1021,440,423,12,5,2,14,0),(1022,163,423,12,4,3,11,0),(1023,137,423,24,3,1,6,0),(1024,412,423,24,5,1,3,0),(1025,305,424,13,5,6,59,0),(1026,233,424,10,5,3,53,0),(1027,441,424,13,5,4,45,0),(1028,259,424,10,5,2,43,0),(1029,442,424,10,6,1,20,0),(1030,273,424,13,5,2,17,0),(1031,258,424,10,5,3,17,1),(1032,421,424,13,6,4,16,0),(1033,140,424,13,3,2,11,0),(1034,422,424,13,6,1,10,0),(1035,162,424,10,4,1,4,1),(1036,160,424,10,3,1,3,0),(1037,236,425,7,5,7,90,0),(1038,139,425,31,5,3,72,1),(1039,134,425,7,3,2,46,0),(1040,189,425,31,5,2,42,0),(1041,354,425,7,6,3,34,0),(1042,443,425,7,5,1,27,0),(1043,250,425,7,5,2,26,0),(1044,408,425,7,6,1,21,1),(1045,362,425,31,6,1,17,0),(1046,133,425,7,3,2,14,0),(1047,138,425,31,3,2,12,0),(1048,121,425,31,4,2,10,0),(1049,206,425,7,4,1,5,0),(1050,245,425,7,5,2,2,0),(1051,267,426,11,5,3,108,1),(1052,159,426,12,5,3,97,1),(1053,164,426,12,5,3,68,1),(1054,440,426,12,5,3,67,1),(1055,262,426,12,6,8,58,0),(1056,444,426,11,6,1,16,0),(1057,347,426,11,5,2,13,0),(1058,71,426,11,3,2,8,0),(1059,268,426,11,5,1,4,0),(1060,89,426,12,3,1,0,0),(1061,315,427,23,5,2,48,0),(1062,445,427,23,5,1,36,0),(1063,210,427,9,5,3,32,0),(1064,166,427,23,3,4,32,1),(1065,314,427,23,5,2,28,0),(1066,156,427,9,5,2,23,0),(1067,261,427,9,6,3,19,0),(1068,446,427,23,6,2,16,0),(1069,447,427,9,5,1,16,0),(1070,106,427,9,3,1,13,0),(1071,167,427,23,3,1,6,0),(1072,271,427,9,5,1,4,0),(1073,435,428,18,5,4,83,2),(1074,448,428,3,5,3,74,1),(1075,56,428,3,3,3,51,0),(1076,171,428,3,5,1,29,0),(1077,449,428,3,6,1,22,0),(1078,292,428,18,5,1,21,0),(1079,297,428,18,4,1,17,0),(1080,450,428,3,5,1,15,0),(1081,285,428,18,5,2,8,0),(1082,432,428,18,6,1,3,0),(1083,451,428,3,6,1,2,0),(1084,450,429,3,5,4,110,1),(1085,409,429,4,5,2,90,0),(1086,226,429,4,5,4,60,0),(1087,448,429,3,5,2,44,0),(1088,171,429,3,5,4,41,0),(1089,214,429,4,5,1,29,0),(1090,135,429,4,3,4,23,0),(1091,411,429,4,6,1,7,0),(1092,449,429,3,6,1,6,0),(1093,452,430,16,5,5,110,0),(1094,453,430,16,5,4,81,1),(1095,314,430,23,5,4,73,0),(1096,340,430,23,5,3,65,0),(1097,454,430,16,5,3,63,1),(1098,315,430,23,5,3,48,0),(1099,445,430,23,5,2,46,0),(1100,166,430,23,3,3,27,0),(1101,455,430,16,4,1,13,0),(1102,456,430,23,5,1,9,1),(1103,281,430,23,6,1,7,0),(1104,457,430,16,6,1,7,0),(1105,75,430,16,3,1,5,0),(1106,363,431,8,5,5,96,0),(1107,223,431,29,6,3,48,0),(1108,434,431,29,5,1,47,1),(1109,433,431,29,5,2,30,0),(1110,66,431,8,3,4,29,0),(1111,173,431,29,3,5,23,0),(1112,246,431,8,6,3,21,0),(1113,458,431,29,5,3,15,1),(1114,174,431,29,5,1,10,0),(1115,244,431,8,5,1,10,0),(1116,406,431,8,5,1,9,0),(1117,109,431,29,3,1,8,0),(1118,407,431,8,4,1,7,0),(1119,227,432,5,5,4,134,1),(1120,389,432,5,5,6,132,1),(1121,267,432,11,5,5,77,1),(1122,71,432,11,3,5,36,0),(1123,347,432,11,5,3,34,0),(1124,165,432,11,5,3,34,1),(1125,175,432,5,3,3,26,0),(1126,239,432,5,5,2,17,0),(1127,459,432,5,5,1,11,0),(1128,460,432,5,6,1,9,0),(1129,230,433,26,6,7,143,1),(1130,355,433,22,5,4,100,1),(1131,427,433,22,5,4,59,0),(1132,310,433,22,6,7,50,0),(1133,68,433,26,3,2,38,1),(1134,337,433,26,5,2,26,0),(1135,152,433,22,3,1,21,0),(1136,115,433,22,3,3,19,0),(1137,429,433,22,6,1,18,0),(1138,461,433,22,5,1,13,1),(1139,177,433,22,4,1,10,0),(1140,462,433,26,6,1,2,0),(1141,205,433,26,4,1,2,0),(1142,386,434,32,6,2,96,1),(1143,463,434,32,5,1,70,0),(1144,274,434,32,6,5,54,0),(1145,437,434,19,6,2,35,0),(1146,157,434,19,3,4,27,0),(1147,202,434,32,5,2,27,0),(1148,464,434,32,5,1,23,0),(1149,465,434,19,5,1,16,0),(1150,436,434,19,5,2,7,0),(1151,179,434,19,5,1,6,0),(1152,466,434,19,5,1,6,0),(1153,442,435,10,6,5,98,1),(1154,428,435,30,6,4,76,1),(1155,431,435,30,5,2,37,0),(1156,259,435,10,5,2,34,0),(1157,151,435,30,3,3,26,0),(1158,258,435,10,5,2,22,0),(1159,160,435,10,3,3,21,0),(1160,212,435,30,5,2,20,0),(1161,430,435,30,5,1,18,0),(1162,467,435,10,6,1,17,0),(1163,233,435,10,5,2,13,0),(1164,161,435,10,3,1,2,0),(1165,234,436,6,5,4,97,0),(1166,416,436,6,6,3,77,0),(1167,282,436,14,5,2,61,0),(1168,468,436,14,5,4,54,1),(1169,76,436,14,3,2,49,0),(1170,469,436,14,6,3,28,0),(1171,470,436,14,5,1,7,0),(1172,417,436,6,5,1,6,0),(1173,420,436,6,4,1,0,0),(1174,342,437,27,5,9,102,0),(1175,185,437,15,5,2,53,0),(1176,344,437,27,5,2,36,1),(1177,471,437,15,5,1,32,1),(1178,423,437,27,6,2,24,0),(1179,147,437,27,3,2,21,0),(1180,335,437,15,6,2,17,0),(1181,180,437,15,3,1,4,0),(1182,149,437,27,3,1,3,0),(1183,181,438,28,3,5,76,1),(1184,460,438,5,6,4,60,0),(1185,198,438,28,5,3,55,0),(1186,227,438,5,5,3,50,0),(1187,182,438,28,5,2,30,0),(1188,389,438,5,5,3,24,1),(1189,472,438,28,5,1,22,0),(1190,473,438,28,5,2,17,0),(1191,474,438,28,6,3,16,0),(1192,459,438,5,5,2,14,0),(1193,475,439,20,5,6,72,0),(1194,471,439,15,5,4,52,0),(1195,335,439,15,6,3,30,0),(1196,185,439,15,5,2,29,0),(1197,298,439,20,6,2,29,0),(1198,476,439,20,5,2,25,0),(1199,477,439,20,5,1,12,0),(1200,478,439,20,5,2,7,0),(1201,180,439,15,3,3,6,0),(1202,186,439,20,4,1,6,0),(1203,275,440,1,5,1,83,1),(1204,336,440,21,5,3,57,0),(1205,215,440,1,5,5,56,0),(1206,479,440,21,5,3,49,0),(1207,218,440,1,6,4,42,0),(1208,307,440,21,5,2,32,0),(1209,373,440,21,6,4,32,0),(1210,141,440,1,3,3,26,0),(1211,142,440,1,5,2,20,0),(1212,480,440,21,5,1,19,1),(1213,367,440,1,5,1,15,0),(1214,187,440,21,3,1,0,0),(1215,226,441,4,5,5,79,0),(1216,411,441,4,6,7,77,0),(1217,204,441,2,5,5,74,1),(1218,112,441,2,3,4,54,0),(1219,214,441,4,5,3,34,0),(1220,481,441,2,5,3,28,1),(1221,220,441,2,6,1,28,0),(1222,135,441,4,3,4,27,0),(1223,325,441,4,5,2,23,0),(1224,482,441,2,5,1,21,0),(1225,359,441,4,5,2,19,1),(1226,415,441,4,4,1,0,0),(1227,223,442,29,6,7,75,0),(1228,433,442,29,5,4,64,1),(1229,174,442,29,5,4,60,0),(1230,483,442,31,5,1,55,1),(1231,362,442,31,6,3,25,0),(1232,114,442,31,3,2,6,0),(1233,484,442,31,5,1,6,0),(1234,434,442,29,5,1,3,0),(1235,109,442,29,3,2,-1,0),(1236,179,443,19,5,6,75,0),(1237,437,443,19,6,3,58,0),(1238,302,443,19,5,1,37,0),(1239,454,443,16,5,3,37,1),(1240,485,443,16,6,3,33,0),(1241,436,443,19,5,2,30,0),(1242,452,443,16,5,1,17,0),(1243,457,443,16,6,1,17,0),(1244,280,443,16,5,1,7,0),(1245,273,444,13,5,4,102,1),(1246,305,444,13,5,6,90,0),(1247,337,444,26,5,5,83,1),(1248,486,444,26,5,4,79,1),(1249,421,444,13,6,6,61,2),(1250,230,444,26,6,4,60,0),(1251,191,444,26,5,2,23,0),(1252,68,444,26,3,3,21,0),(1253,441,444,13,5,1,15,0),(1254,140,444,13,3,3,12,0),(1255,205,444,26,4,2,9,0),(1256,462,444,26,6,1,6,0),(1257,487,444,26,5,1,5,1),(1258,192,444,26,3,1,-4,0),(1259,468,445,14,5,5,118,2),(1260,310,445,22,6,4,90,0),(1261,282,445,14,5,2,36,0),(1262,469,445,14,6,2,24,0),(1263,355,445,22,5,2,20,0),(1264,470,445,14,5,1,16,0),(1265,115,445,22,3,3,12,0),(1266,429,445,22,6,2,7,0),(1267,177,445,22,4,2,-2,0),(1268,266,446,25,5,4,204,3),(1269,488,446,15,5,2,93,1),(1270,365,446,25,6,6,60,0),(1271,471,446,15,5,5,57,1),(1272,335,446,15,6,5,56,0),(1273,425,446,25,5,2,31,0),(1274,146,446,25,3,3,31,0),(1275,489,446,15,5,2,25,0),(1276,150,446,25,5,1,15,0),(1277,180,446,15,3,2,6,0),(1278,194,446,15,4,1,1,0),(1279,182,447,28,5,2,63,0),(1280,472,447,28,5,5,60,0),(1281,202,447,32,5,5,47,0),(1282,274,447,32,6,4,43,0),(1283,464,447,32,5,2,41,0),(1284,463,447,32,5,2,30,0),(1285,198,447,28,5,2,22,1),(1286,125,447,32,3,6,22,0),(1287,474,447,28,6,1,14,0),(1288,490,447,32,7,1,13,0),(1289,491,447,28,4,1,10,0),(1290,181,447,28,3,1,-3,0),(1291,212,448,30,5,3,80,0),(1292,234,448,6,5,5,65,0),(1293,430,448,30,5,2,43,0),(1294,416,448,6,6,2,32,0),(1295,417,448,6,5,2,31,1),(1296,428,448,30,6,1,14,0),(1297,151,448,30,3,2,13,0),(1298,431,448,30,5,1,11,0),(1299,418,448,6,5,1,9,0),(1300,476,449,20,5,3,92,0),(1301,475,449,20,5,2,73,1),(1302,195,449,17,3,1,49,0),(1303,291,449,17,6,3,39,0),(1304,492,449,17,5,2,31,0),(1305,298,449,20,6,4,22,1),(1306,493,449,17,5,1,19,0),(1307,478,449,20,5,2,17,1),(1308,284,449,17,5,2,15,0),(1309,494,449,17,5,1,7,0),(1310,211,450,24,5,5,95,1),(1311,414,450,24,6,5,66,0),(1312,267,450,11,5,4,64,1),(1313,197,450,24,5,2,32,1),(1314,444,450,11,6,3,26,0),(1315,495,450,11,5,2,26,1),(1316,410,450,24,6,1,22,0),(1317,496,450,11,4,3,19,0),(1318,412,450,24,5,1,17,0),(1319,347,450,11,5,2,14,0),(1320,196,450,24,3,2,13,0),(1321,71,450,11,3,2,12,0),(1322,413,450,24,5,2,8,0),(1323,198,451,28,5,7,81,1),(1324,204,451,2,5,2,72,1),(1325,481,451,2,5,4,66,0),(1326,182,451,28,5,4,43,0),(1327,472,451,28,5,2,29,0),(1328,497,451,2,6,3,21,0),(1329,181,451,28,3,2,15,0),(1330,112,451,2,3,3,12,0),(1331,220,451,2,6,2,6,0),(1332,423,452,27,6,3,104,1),(1333,76,452,14,3,1,60,0),(1334,342,452,27,5,4,52,0),(1335,282,452,14,5,1,39,0),(1336,470,452,14,5,1,39,0),(1337,344,452,27,5,3,38,0),(1338,469,452,14,6,2,32,0),(1339,60,452,14,5,2,16,0),(1340,468,452,14,5,1,10,0),(1341,498,452,27,4,1,1,0),(1342,147,452,27,3,2,-5,0),(1343,210,453,9,5,2,46,1),(1344,336,453,21,5,1,44,1),(1345,307,453,21,5,3,36,0),(1346,479,453,21,5,2,32,1),(1347,261,453,9,6,4,30,0),(1348,480,453,21,5,1,25,0),(1349,373,453,21,6,1,22,0),(1350,271,453,9,5,1,15,0),(1351,111,453,21,3,1,15,0),(1352,187,453,21,3,2,13,0),(1353,106,453,9,3,1,12,0),(1354,156,453,9,5,1,12,0),(1355,499,453,9,4,2,12,0),(1356,284,454,17,5,4,116,0),(1357,202,454,32,5,6,79,0),(1358,463,454,32,5,2,48,0),(1359,464,454,32,5,1,47,0),(1360,274,454,32,6,3,36,0),(1361,291,454,17,6,2,30,0),(1362,125,454,32,3,4,21,0),(1363,493,454,17,5,2,20,0),(1364,451,454,17,6,1,18,0),(1365,492,454,17,5,1,8,0),(1366,195,454,17,3,3,-4,0),(1367,233,455,10,5,4,118,1),(1368,442,455,10,6,5,82,0),(1369,315,455,23,5,4,71,0),(1370,259,455,10,5,4,65,0),(1371,314,455,23,5,3,43,0),(1372,166,455,23,3,2,25,0),(1373,258,455,10,5,1,13,0),(1374,340,455,23,5,1,11,0),(1375,160,455,10,3,1,10,0),(1376,445,455,23,5,1,10,0),(1377,161,455,10,3,1,1,0),(1378,475,456,20,5,3,98,0),(1379,220,456,2,6,7,98,0),(1380,481,456,2,5,4,52,0),(1381,497,456,2,6,3,42,0),(1382,298,456,20,6,4,35,0),(1383,478,456,20,5,2,19,0),(1384,476,456,20,5,1,17,0),(1385,112,456,2,3,2,16,0),(1386,482,456,2,5,1,14,0),(1387,63,456,2,3,1,14,0),(1388,477,456,20,5,1,13,0),(1389,204,456,2,5,2,13,0),(1390,479,457,21,5,2,73,0),(1391,373,457,21,6,6,68,0),(1392,406,457,8,5,6,46,0),(1393,252,457,8,5,2,36,0),(1394,363,457,8,5,4,32,0),(1395,244,457,8,5,2,32,0),(1396,307,457,21,5,2,18,0),(1397,336,457,21,5,2,18,0),(1398,256,457,21,5,1,18,0),(1399,187,457,21,3,1,16,0),(1400,246,457,8,6,1,13,0),(1401,407,457,8,4,1,10,0),(1402,500,457,8,6,1,1,0),(1403,66,457,8,3,3,-4,0),(1404,111,457,21,3,1,-4,0),(1405,284,458,17,5,4,104,1),(1406,291,458,17,6,3,83,0),(1407,459,458,5,5,2,74,0),(1408,460,458,5,6,3,46,0),(1409,492,458,17,5,2,24,0),(1410,501,458,17,4,1,10,0),(1411,183,458,5,4,1,8,0),(1412,493,458,17,5,1,7,0),(1413,389,458,5,5,1,6,1),(1414,451,458,17,6,1,3,0),(1415,175,458,5,3,1,1,0),(1416,280,459,16,5,2,46,0),(1417,56,459,3,3,4,40,0),(1418,454,459,16,5,3,37,0),(1419,453,459,16,5,3,31,1),(1420,485,459,16,6,2,24,0),(1421,452,459,16,5,2,19,0),(1422,448,459,3,5,1,15,0),(1423,450,459,3,5,1,12,0),(1424,171,459,3,5,1,8,0),(1425,231,459,3,5,1,7,0),(1426,449,459,3,6,1,6,0),(1427,486,460,26,5,8,115,1),(1428,337,460,26,5,6,95,0),(1429,262,460,12,6,8,87,1),(1430,164,460,12,5,4,85,0),(1431,230,460,26,6,2,25,0),(1432,163,460,12,4,1,9,0),(1433,440,460,12,5,1,8,0),(1434,159,460,12,5,1,4,0),(1435,89,460,12,3,3,1,0),(1436,295,461,18,5,5,73,0),(1437,285,461,18,5,3,55,0),(1438,354,461,7,6,4,53,0),(1439,435,461,18,5,3,44,0),(1440,250,461,7,5,4,41,1),(1441,236,461,7,5,3,35,0),(1442,155,461,18,3,3,19,0),(1443,502,461,18,5,1,13,0),(1444,432,461,18,6,1,6,0),(1445,133,461,7,3,3,3,0),(1446,128,461,18,3,1,3,0),(1447,285,462,18,5,3,106,1),(1448,295,462,18,5,4,90,1),(1449,414,462,24,6,11,84,0),(1450,435,462,18,5,2,74,0),(1451,197,462,24,5,2,30,0),(1452,413,462,24,5,2,24,0),(1453,432,462,18,6,3,21,0),(1454,412,462,24,5,1,11,0),(1455,136,462,24,3,1,3,0),(1456,155,462,18,3,1,-1,0),(1457,202,463,32,5,5,90,1),(1458,481,463,2,5,4,60,0),(1459,220,463,2,6,4,59,0),(1460,204,463,2,5,3,27,0),(1461,274,463,32,6,3,26,0),(1462,125,463,32,3,4,24,0),(1463,464,463,32,5,2,21,0),(1464,497,463,2,6,2,13,0),(1465,112,463,2,3,3,8,0),(1466,482,463,2,5,1,4,0),(1467,129,463,2,4,2,1,0),(1468,164,464,12,5,4,101,0),(1469,220,464,2,6,5,79,0),(1470,159,464,12,5,4,41,1),(1471,204,464,2,5,4,39,0),(1472,262,464,12,6,3,38,1),(1473,482,464,2,5,3,34,1),(1474,440,464,12,5,3,28,1),(1475,89,464,12,3,2,25,0),(1476,481,464,2,5,3,21,0),(1477,63,464,2,3,1,6,0),(1478,112,464,2,3,2,4,0),(1479,365,465,25,6,5,84,0),(1480,150,465,25,5,2,67,2),(1481,146,465,25,3,7,55,0),(1482,354,465,7,6,5,48,0),(1483,236,465,7,5,3,47,0),(1484,250,465,7,5,3,42,1),(1485,133,465,7,3,3,31,0),(1486,245,465,7,5,1,27,0),(1487,408,465,7,6,1,16,0),(1488,266,465,25,5,1,6,0),(1489,134,465,7,3,1,3,0),(1490,481,466,2,5,4,84,1),(1491,280,466,16,5,3,65,1),(1492,454,466,16,5,4,35,0),(1493,112,466,2,3,2,28,0),(1494,453,466,16,5,4,23,0),(1495,220,466,2,6,2,22,0),(1496,485,466,16,6,2,22,0),(1497,204,466,2,5,2,19,0),(1498,503,466,2,5,1,14,0),(1499,497,466,2,6,2,9,0),(1500,75,466,16,3,1,3,0),(1501,344,467,27,5,7,100,0),(1502,425,467,25,5,6,78,1),(1503,342,467,27,5,6,74,0),(1504,351,467,27,5,4,51,0),(1505,365,467,25,6,3,46,0),(1506,423,467,27,6,5,42,0),(1507,146,467,25,3,4,30,1),(1508,150,467,25,5,3,29,0),(1509,266,467,25,5,2,22,0),(1510,349,467,27,5,2,16,0),(1511,147,467,27,3,1,8,0),(1512,426,467,27,5,1,4,0),(1513,215,468,1,5,7,131,2),(1514,185,468,15,5,7,94,0),(1515,335,468,15,6,7,89,0),(1516,504,468,15,5,3,29,0),(1517,142,468,1,5,2,25,1),(1518,141,468,1,3,2,22,0),(1519,367,468,1,5,2,22,1),(1520,489,468,15,5,2,16,0),(1521,218,468,1,6,1,6,1),(1522,180,468,15,3,1,0,0),(1523,202,469,32,5,5,62,0),(1524,298,469,20,6,4,57,1),(1525,476,469,20,5,5,55,0),(1526,464,469,32,5,1,48,0),(1527,478,469,20,5,2,42,0),(1528,475,469,20,5,3,33,1),(1529,463,469,32,5,2,33,1),(1530,274,469,32,6,4,30,0),(1531,125,469,32,3,1,11,0),(1532,477,469,20,5,1,6,0),(1533,184,469,20,3,2,3,0),(1534,236,470,7,5,4,96,0),(1535,250,470,7,5,1,87,1),(1536,156,470,9,5,4,70,0),(1537,106,470,9,3,6,32,0),(1538,133,470,7,3,3,24,0),(1539,505,470,9,5,1,23,0),(1540,210,470,9,5,2,13,0),(1541,354,470,7,6,1,13,0),(1542,506,470,9,6,1,13,0),(1543,168,470,9,3,1,10,0),(1544,245,470,7,5,1,4,0),(1545,261,470,9,6,1,2,0),(1546,244,471,8,5,5,82,1),(1547,307,471,21,5,3,68,0),(1548,363,471,8,5,3,55,0),(1549,246,471,8,6,3,52,0),(1550,480,471,21,5,1,14,1),(1551,479,471,21,5,1,9,0),(1552,66,471,8,3,1,8,0),(1553,373,471,21,6,3,7,0),(1554,252,471,8,5,1,5,0),(1555,187,471,21,3,1,2,0),(1556,200,471,21,4,1,0,1),(1557,211,472,24,5,3,142,1),(1558,433,472,29,5,5,68,0),(1559,412,472,24,5,1,42,0),(1560,223,472,29,6,2,38,0),(1561,173,472,29,3,5,36,0),(1562,174,472,29,5,2,22,0),(1563,414,472,24,6,2,20,0),(1564,458,472,29,5,1,15,0),(1565,197,472,24,5,2,13,1),(1566,434,472,29,5,1,9,0),(1567,410,472,24,6,1,7,0),(1568,137,472,24,3,1,5,0),(1569,486,473,26,5,2,73,0),(1570,230,473,26,6,4,47,0),(1571,278,473,31,6,3,45,0),(1572,68,473,26,3,3,40,0),(1573,139,473,31,5,4,37,1),(1574,362,473,31,6,4,32,0),(1575,189,473,31,5,2,25,0),(1576,114,473,31,3,2,24,0),(1577,337,473,26,5,3,21,0),(1578,191,473,26,5,2,17,0),(1579,483,473,31,5,1,8,0),(1580,282,474,14,5,7,105,0),(1581,469,474,14,6,7,88,0),(1582,273,474,13,5,4,51,0),(1583,470,474,14,5,3,36,0),(1584,468,474,14,5,4,31,1),(1585,305,474,13,5,2,19,0),(1586,421,474,13,6,1,11,0),(1587,76,474,14,3,2,7,0),(1588,397,474,13,4,1,0,0),(1589,431,475,30,5,3,72,1),(1590,312,475,22,5,3,50,0),(1591,360,475,30,5,4,50,0),(1592,428,475,30,6,5,36,1),(1593,115,475,22,3,4,35,0),(1594,151,475,30,3,3,31,0),(1595,355,475,22,5,2,30,0),(1596,427,475,22,5,2,23,0),(1597,212,475,30,5,2,21,0),(1598,310,475,22,6,1,17,0),(1599,430,475,30,5,1,12,0),(1600,429,475,22,6,1,7,0),(1601,507,475,30,3,1,0,0),(1602,262,476,12,6,3,52,0),(1603,440,476,12,5,4,38,2),(1604,164,476,12,5,3,29,1),(1605,89,476,12,3,3,28,0),(1606,159,476,12,5,1,15,0),(1607,315,476,23,5,2,14,0),(1608,166,476,23,3,4,8,0),(1609,340,476,23,5,1,7,0),(1610,446,476,23,6,1,7,0),(1611,445,476,23,5,2,5,0),(1612,478,477,20,5,5,125,1),(1613,476,477,20,5,6,95,0),(1614,298,477,20,6,6,65,0),(1615,481,477,2,5,4,56,1),(1616,475,477,20,5,2,33,0),(1617,184,477,20,3,4,33,0),(1618,220,477,2,6,4,27,0),(1619,301,477,20,5,1,20,0),(1620,497,477,2,6,1,13,0),(1621,204,477,2,5,1,10,0),(1622,503,477,2,5,2,7,0),(1623,337,478,26,5,5,60,1),(1624,187,478,21,3,5,54,0),(1625,230,478,26,6,3,42,1),(1626,487,478,26,5,2,41,1),(1627,68,478,26,3,3,38,0),(1628,191,478,26,5,2,35,0),(1629,479,478,21,5,2,31,1),(1630,336,478,21,5,2,30,0),(1631,307,478,21,5,3,24,0),(1632,111,478,21,3,2,18,0),(1633,373,478,21,6,2,7,0),(1634,486,478,26,5,1,5,0),(1635,200,478,21,4,1,4,0),(1636,365,479,25,6,7,99,1),(1637,150,479,25,5,2,79,1),(1638,266,479,25,5,4,79,0),(1639,430,479,30,5,4,50,0),(1640,428,479,30,6,4,39,0),(1641,431,479,30,5,2,32,1),(1642,151,479,30,3,3,27,0),(1643,327,479,25,6,2,22,1),(1644,425,479,25,5,1,21,0),(1645,146,479,25,3,1,15,0),(1646,414,480,24,6,7,67,0),(1647,197,480,24,5,2,49,0),(1648,164,480,12,5,3,36,0),(1649,211,480,24,5,2,33,0),(1650,89,480,12,3,3,32,0),(1651,413,480,24,5,1,18,0),(1652,412,480,24,5,2,17,1),(1653,440,480,12,5,1,9,0),(1654,159,480,12,5,2,9,0),(1655,137,480,24,3,3,6,0),(1656,262,480,12,6,1,2,0),(1657,163,480,12,4,1,0,0),(1658,158,480,12,3,1,-7,0),(1659,202,481,32,5,6,70,1),(1660,274,481,32,6,5,60,1),(1661,151,481,30,3,4,39,0),(1662,463,481,32,5,3,27,0),(1663,212,481,30,5,2,26,0),(1664,428,481,30,6,3,24,0),(1665,431,481,30,5,1,20,0),(1666,464,481,32,5,1,17,0),(1667,430,481,30,5,1,11,0),(1668,125,481,32,3,1,11,0),(1669,508,481,32,4,1,11,0),(1670,250,482,7,5,4,66,0),(1671,440,482,12,5,3,47,0),(1672,262,482,12,6,5,38,1),(1673,509,482,7,5,3,25,0),(1674,236,482,7,5,1,21,0),(1675,354,482,7,6,1,11,0),(1676,89,482,12,3,1,11,0),(1677,164,482,12,5,1,7,0),(1678,133,482,7,3,1,7,0),(1679,142,483,1,5,5,73,0),(1680,204,483,2,5,4,59,0),(1681,63,483,2,3,2,40,0),(1682,481,483,2,5,3,37,0),(1683,220,483,2,6,3,33,0),(1684,215,483,1,5,3,33,0),(1685,218,483,1,6,2,30,0),(1686,367,483,1,5,3,28,0),(1687,503,483,2,5,1,24,1),(1688,112,483,2,3,2,19,0),(1689,497,483,2,6,1,16,0),(1690,141,483,1,3,3,13,0),(1691,337,484,26,5,4,51,0),(1692,486,484,26,5,4,43,0),(1693,432,484,18,6,2,38,0),(1694,487,484,26,5,3,37,0),(1695,230,484,26,6,3,35,0),(1696,295,484,18,5,2,28,0),(1697,502,484,18,5,1,23,0),(1698,213,484,26,3,2,21,0),(1699,435,484,18,5,1,18,0),(1700,292,484,18,5,1,18,0),(1701,285,484,18,5,1,15,0),(1702,155,484,18,3,3,11,0),(1703,376,484,26,5,1,8,0),(1704,68,484,26,3,2,6,0),(1705,463,485,32,5,2,66,0),(1706,220,485,2,6,5,64,0),(1707,204,485,2,5,4,63,0),(1708,481,485,2,5,5,57,1),(1709,510,485,2,5,1,33,1),(1710,497,485,2,6,2,30,0),(1711,112,485,2,3,3,20,0),(1712,202,485,32,5,2,19,0),(1713,274,485,32,6,2,17,0),(1714,125,485,32,3,3,16,0),(1715,63,485,2,3,1,16,0),(1716,508,485,32,4,1,-1,0),(1717,285,486,18,5,3,48,0),(1718,262,486,12,6,4,46,0),(1719,511,486,12,5,2,46,0),(1720,89,486,12,3,3,21,0),(1721,159,486,12,5,1,19,0),(1722,297,486,18,4,1,13,0),(1723,502,486,18,5,1,13,0),(1724,164,486,12,5,1,10,0),(1725,440,486,12,5,1,9,0),(1726,155,486,18,3,1,7,0),(1727,440,487,12,5,4,44,0),(1728,204,487,2,5,2,39,0),(1729,497,487,2,6,2,36,0),(1730,262,487,12,6,4,30,0),(1731,481,487,2,5,3,27,0),(1732,112,487,2,3,1,24,0),(1733,503,487,2,5,1,24,0),(1734,220,487,2,6,3,18,0),(1735,129,487,2,4,1,5,0),(1736,482,487,2,5,1,4,0),(1737,163,487,12,4,2,2,0),(1738,89,487,12,3,1,-1,0);
/*!40000 ALTER TABLE `rec_statline` ENABLE KEYS */;
UNLOCK TABLES;

--
-- Table structure for table `rush_statline`
--

DROP TABLE IF EXISTS `rush_statline`;
/*!40101 SET @saved_cs_client     = @@character_set_client */;
/*!40101 SET character_set_client = utf8 */;
CREATE TABLE `rush_statline` (
  `Rush_Stat_ID` smallint(6) NOT NULL,
  `Player_ID` smallint(6) NOT NULL,
  `Game_ID` smallint(6) NOT NULL,
  `Team_ID` smallint(6) NOT NULL,
  `Pos_ID` smallint(6) NOT NULL,
  `Att` smallint(6) DEFAULT NULL,
  `Yds` smallint(6) DEFAULT NULL,
  `TD` smallint(6) DEFAULT NULL,
  PRIMARY KEY (`Rush_Stat_ID`),
  KEY `Player_ID` (`Player_ID`),
  KEY `Game_ID` (`Game_ID`),
  KEY `Team_ID` (`Team_ID`),
  KEY `Pos_ID` (`Pos_ID`),
  CONSTRAINT `rush_statline_ibfk_1` FOREIGN KEY (`Player_ID`) REFERENCES `player` (`Player_ID`),
  CONSTRAINT `rush_statline_ibfk_2` FOREIGN KEY (`Game_ID`) REFERENCES `game` (`Game_ID`),
  CONSTRAINT `rush_statline_ibfk_3` FOREIGN KEY (`Team_ID`) REFERENCES `team` (`Team_ID`),
  CONSTRAINT `rush_statline_ibfk_4` FOREIGN KEY (`Pos_ID`) REFERENCES `pos` (`Pos_ID`)
) ENGINE=InnoDB DEFAULT CHARSET=utf8mb4 COLLATE=utf8mb4_general_ci;
/*!40101 SET character_set_client = @saved_cs_client */;

--
-- Dumping data for table `rush_statline`
--

LOCK TABLES `rush_statline` WRITE;
/*!40000 ALTER TABLE `rush_statline` DISABLE KEYS */;
INSERT INTO `rush_statline` VALUES (1,51,338,2,3,14,61,1),(2,52,338,1,3,15,56,0),(3,1,338,1,1,4,16,1),(4,53,338,1,3,1,9,0),(5,54,338,2,3,1,-1,0),(6,2,338,2,1,1,-2,0),(7,55,339,4,3,19,67,1),(8,56,339,3,3,19,62,0),(9,57,339,4,3,4,37,1),(10,3,339,3,1,1,5,0),(11,58,340,5,3,13,77,2),(12,59,340,6,3,19,70,0),(13,5,340,5,1,2,11,0),(14,6,340,6,1,4,9,0),(15,60,340,5,3,1,7,0),(16,61,341,8,3,19,83,0),(17,62,341,8,4,1,19,0),(18,63,341,7,3,11,16,0),(19,64,341,8,3,6,10,0),(20,7,341,8,1,1,5,0),(21,8,341,7,1,1,2,0),(22,65,341,7,3,1,-1,0),(23,66,342,9,3,18,108,2),(24,67,342,10,3,18,54,0),(25,10,342,9,1,2,27,0),(26,68,342,9,3,3,18,0),(27,9,342,10,1,1,10,0),(28,69,342,10,3,1,3,0),(29,70,342,10,4,1,0,1),(30,71,343,11,3,21,77,1),(31,72,343,12,3,10,20,0),(32,11,343,11,1,8,42,0),(33,73,343,11,3,2,7,0),(34,74,343,11,4,1,1,0),(35,75,343,12,3,1,4,0),(36,12,343,12,1,1,1,0),(37,76,344,14,3,26,100,2),(38,13,344,14,1,4,24,0),(39,77,344,13,3,12,24,0),(40,78,344,13,3,3,24,0),(41,79,344,14,3,1,4,0),(42,80,344,14,4,1,5,0),(43,14,344,13,1,1,-2,0),(44,81,345,15,3,20,100,1),(45,58,345,5,3,10,41,0),(46,5,345,5,1,6,39,0),(47,15,345,15,1,3,8,0),(48,82,345,15,3,3,1,1),(49,83,346,16,3,24,89,2),(50,84,346,17,3,9,17,0),(51,85,346,16,3,6,14,0),(52,17,346,17,1,1,12,0),(53,16,346,16,1,3,3,0),(54,86,347,18,3,15,75,0),(55,56,347,3,3,18,64,0),(56,18,347,18,1,2,19,0),(57,87,347,3,3,3,17,0),(58,3,347,3,1,3,9,1),(59,88,347,3,4,1,3,0),(60,89,348,20,3,21,60,1),(61,90,348,19,3,13,49,0),(62,91,348,19,3,2,13,0),(63,19,348,20,1,4,10,0),(64,20,348,19,1,1,3,1),(65,92,348,20,3,0,0,0),(66,63,349,7,3,16,73,0),(67,93,349,21,3,13,47,0),(68,21,349,21,1,2,31,0),(69,8,349,7,1,2,9,0),(70,94,349,21,3,3,3,0),(71,95,349,21,4,1,1,0),(72,96,350,22,3,20,103,0),(73,71,350,11,3,20,58,0),(74,11,350,11,1,2,10,0),(75,22,350,22,1,1,-2,0),(76,72,351,12,3,13,45,0),(77,97,351,23,3,18,31,0),(78,12,351,12,1,2,21,0),(79,98,351,23,3,1,2,0),(80,75,351,12,3,1,1,1),(81,77,352,13,3,17,72,1),(82,99,352,24,3,16,63,1),(83,78,352,13,3,3,24,0),(84,14,352,13,1,2,-4,0),(85,86,353,18,3,14,38,0),(86,76,353,14,3,14,26,1),(87,18,353,18,1,1,6,0),(88,13,353,14,1,5,4,0),(89,52,354,1,3,16,59,0),(90,100,354,25,3,14,26,0),(91,53,354,1,3,2,8,0),(92,101,354,25,3,3,8,0),(93,1,354,1,1,4,2,1),(94,25,354,25,1,1,-2,0),(95,90,355,19,3,22,85,0),(96,91,355,19,3,4,31,2),(97,16,355,16,1,5,30,1),(98,83,355,16,3,11,27,0),(99,20,355,19,1,1,9,0),(100,89,356,20,3,18,95,1),(101,84,356,17,3,11,23,0),(102,17,356,17,1,3,19,0),(103,19,356,20,1,3,12,0),(104,102,356,17,3,1,5,0),(105,92,356,20,3,3,0,0),(106,55,357,4,3,21,116,1),(107,97,357,23,3,10,40,0),(108,57,357,4,3,6,15,0),(109,98,357,23,3,1,5,0),(110,4,357,4,1,2,5,0),(111,61,358,8,3,15,48,0),(112,103,358,26,3,13,32,1),(113,64,358,8,3,2,20,0),(114,7,358,8,1,4,6,0),(115,104,358,26,3,1,4,0),(116,105,358,8,2,1,0,0),(117,67,359,10,3,7,35,0),(118,9,359,10,1,3,33,0),(119,93,359,21,3,17,29,1),(120,94,359,21,3,5,22,0),(121,21,359,21,1,5,16,0),(122,106,360,28,3,25,78,0),(123,107,360,27,3,15,46,0),(124,28,360,28,1,4,29,0),(125,27,360,27,1,3,16,0),(126,108,360,27,3,2,9,0),(127,109,361,29,3,19,53,0),(128,99,361,24,3,11,40,0),(129,24,361,24,1,3,8,1),(130,110,361,29,3,1,-1,0),(131,30,362,30,1,4,74,0),(132,96,362,22,3,21,65,0),(133,111,362,30,3,12,30,0),(134,112,362,22,3,1,7,0),(135,113,362,30,3,1,7,0),(136,22,362,22,1,1,-2,0),(137,114,363,31,3,19,103,0),(138,31,363,31,1,3,57,1),(139,66,363,9,3,14,37,0),(140,68,363,9,3,2,15,0),(141,115,363,9,3,1,1,0),(142,116,363,31,3,2,0,0),(143,59,364,6,3,13,85,0),(144,67,364,10,3,20,66,1),(145,117,364,6,3,1,5,0),(146,9,364,10,1,3,4,0),(147,81,365,15,3,19,95,1),(148,97,365,23,3,17,52,0),(149,15,365,15,1,6,48,0),(150,82,365,15,3,2,4,0),(151,118,365,15,4,1,1,0),(152,98,365,23,3,1,-1,0),(153,71,366,11,3,19,95,0),(154,109,366,29,3,15,47,0),(155,11,366,11,1,1,5,0),(156,73,366,11,3,3,3,0),(157,29,366,29,1,2,2,0),(158,100,367,25,3,13,65,0),(159,96,367,22,3,12,20,0),(160,101,367,25,3,3,19,1),(161,22,367,22,1,3,19,1),(162,119,367,25,4,2,2,1),(163,120,367,22,4,1,-2,0),(164,25,367,25,1,2,-4,0),(165,89,368,20,3,18,74,0),(166,114,368,31,3,20,56,0),(167,31,368,31,1,5,37,0),(168,92,368,20,3,5,9,0),(169,19,368,20,1,1,5,0),(170,81,369,15,3,22,112,0),(171,107,369,27,3,11,40,1),(172,82,369,15,3,5,18,0),(173,27,369,27,1,1,10,0),(174,15,369,15,1,2,4,0),(175,114,370,31,3,21,88,0),(176,86,370,18,3,13,50,1),(177,31,370,31,1,3,30,0),(178,116,370,31,3,2,13,1),(179,18,370,18,1,2,1,0),(180,121,370,31,4,1,1,0),(181,93,371,21,3,26,82,1),(182,51,371,2,3,11,45,0),(183,21,371,21,1,4,25,0),(184,103,372,26,3,16,211,0),(185,58,372,5,3,13,61,0),(186,104,372,26,3,6,31,1),(187,5,372,5,1,2,28,0),(188,60,372,5,3,5,5,1),(189,122,372,5,4,1,5,0),(190,123,372,5,1,1,-4,0),(191,28,373,28,1,6,65,0),(192,16,373,16,1,6,62,0),(193,106,373,28,3,17,60,1),(194,83,373,16,3,7,27,0),(195,85,373,16,3,2,-2,0),(196,52,374,1,3,24,107,1),(197,111,374,30,3,20,80,0),(198,1,374,1,1,4,49,1),(199,30,374,30,1,2,23,0),(200,113,374,30,3,1,2,0),(201,53,374,1,3,1,1,0),(202,124,374,30,4,1,1,0),(203,63,375,7,3,17,64,1),(204,65,375,7,3,5,59,1),(205,59,375,6,3,9,54,0),(206,6,375,6,1,3,7,0),(207,8,375,7,1,1,-2,0),(208,61,376,8,3,17,71,1),(209,66,376,9,3,13,58,0),(210,68,376,9,3,3,12,0),(211,10,376,9,1,1,6,0),(212,55,377,4,3,15,101,1),(213,109,377,29,3,16,66,0),(214,4,377,4,1,2,19,0),(215,57,377,4,3,2,7,1),(216,110,377,29,3,1,0,0),(217,84,378,17,3,18,128,2),(218,100,378,25,3,20,95,0),(219,17,378,17,1,8,61,0),(220,25,378,25,1,2,15,0),(221,102,378,17,3,2,-8,0),(222,76,379,14,3,19,59,0),(223,79,379,14,3,4,33,0),(224,77,379,13,3,9,9,0),(225,13,379,14,1,3,5,0),(226,125,380,32,3,23,74,1),(227,107,380,27,3,9,35,0),(228,126,380,32,3,1,33,1),(229,27,380,27,1,1,10,0),(230,33,380,32,1,1,-2,0),(231,99,381,24,3,17,144,0),(232,111,381,30,3,16,73,0),(233,127,381,24,3,7,20,1),(234,113,381,30,3,3,15,0),(235,30,381,30,1,2,14,0),(236,125,382,32,3,13,43,1),(237,90,382,19,3,11,28,0),(238,126,382,32,3,2,12,0),(239,91,382,19,3,1,10,0),(240,20,382,19,1,1,8,0),(241,56,383,3,3,19,135,1),(242,72,383,12,3,19,80,0),(243,3,383,3,1,2,53,1),(244,12,383,12,1,3,18,0),(245,75,383,12,3,2,6,0),(246,51,384,2,3,26,131,1),(247,106,384,28,3,14,34,1),(248,54,384,2,3,2,1,1),(249,2,384,2,1,2,-4,0),(250,125,385,32,3,19,65,1),(251,103,385,26,3,12,32,0),(252,104,385,26,3,2,8,0),(253,33,385,32,1,2,0,0),(254,125,386,32,3,20,80,0),(255,51,386,2,3,16,33,0),(256,2,386,2,1,2,25,0),(257,126,386,32,3,1,5,0),(258,86,387,18,3,17,71,0),(259,61,387,8,3,17,70,0),(260,18,387,18,1,4,21,1),(261,7,387,8,1,2,9,0),(262,64,387,8,3,3,6,0),(263,62,387,8,4,1,1,0),(264,89,388,20,3,27,123,1),(265,125,388,32,3,12,30,1),(266,19,388,20,1,3,18,1),(267,126,388,32,3,1,15,0),(268,56,389,3,3,17,186,2),(269,81,389,15,3,13,139,1),(270,15,389,15,1,5,74,0),(271,82,389,15,3,4,27,0),(272,87,389,3,3,4,7,1),(273,118,389,15,4,1,6,0),(274,3,389,3,1,4,2,0),(275,52,390,1,3,18,61,0),(276,77,390,13,3,12,49,0),(277,14,390,13,1,4,12,0),(278,53,390,1,3,1,2,0),(279,81,391,15,3,16,125,0),(280,76,391,14,3,19,64,0),(281,15,391,15,1,4,16,0),(282,13,391,14,1,1,7,0),(283,82,391,15,3,2,5,0),(284,67,392,10,3,21,80,1),(285,114,392,31,3,13,60,1),(286,31,392,31,1,2,18,0),(287,69,392,10,3,1,1,0),(288,9,392,10,1,1,-2,0),(289,81,393,15,3,21,121,2),(290,15,393,15,1,4,33,0),(291,52,393,1,3,12,31,1),(292,82,393,15,3,4,20,0),(293,53,393,1,3,1,3,1),(294,86,394,18,3,23,82,0),(295,71,394,11,3,10,41,1),(296,11,394,11,1,1,16,0),(297,128,394,18,3,2,8,0),(298,18,394,18,1,3,0,0),(299,73,394,11,3,1,0,0),(300,78,395,13,3,2,50,1),(301,77,395,13,3,15,36,1),(302,96,395,22,3,14,25,1),(303,129,395,13,4,1,5,0),(304,120,395,22,4,4,4,0),(305,112,395,22,3,1,3,0),(306,56,396,3,3,28,133,1),(307,97,396,23,3,11,28,1),(308,3,396,3,1,2,27,0),(309,87,396,3,3,5,25,0),(310,89,397,20,3,21,76,0),(311,58,397,5,3,13,68,3),(312,60,397,5,3,3,35,0),(313,5,397,5,1,3,18,0),(314,19,397,20,1,2,14,0),(315,122,397,5,4,1,2,0),(316,130,397,20,4,1,2,1),(317,59,398,6,3,23,104,0),(318,114,398,31,3,19,102,0),(319,31,398,31,1,5,18,1),(320,6,398,6,1,3,16,0),(321,117,398,6,3,3,8,0),(322,121,398,31,4,1,7,0),(323,116,398,31,3,1,0,0),(324,103,399,26,3,21,95,3),(325,67,399,10,3,12,59,1),(326,26,399,26,1,3,15,0),(327,104,399,26,3,5,2,0),(328,69,399,10,3,1,1,0),(329,61,400,8,3,21,118,1),(330,93,400,21,3,10,38,0),(331,21,400,21,1,2,20,0),(332,7,400,8,1,2,5,0),(333,64,400,8,3,1,1,0),(334,76,401,14,3,16,82,0),(335,111,401,30,3,16,77,0),(336,30,401,30,1,5,19,0),(337,124,401,30,4,2,11,0),(338,79,401,14,3,1,3,0),(339,113,401,30,3,4,2,0),(340,13,401,14,1,2,1,0),(341,17,402,17,1,4,61,0),(342,125,402,32,3,17,52,0),(343,84,402,17,3,10,28,0),(344,126,402,32,3,3,16,0),(345,131,402,17,4,1,1,1),(346,33,402,32,1,1,-2,0),(347,125,403,32,3,23,82,0),(348,89,403,20,3,11,27,0),(349,126,403,32,3,3,24,0),(350,19,403,20,1,1,20,0),(351,33,403,32,1,1,-2,0),(352,67,404,10,3,13,121,0),(353,61,404,8,3,18,57,1),(354,7,404,8,1,2,16,0),(355,69,404,10,3,2,16,1),(356,62,404,8,4,1,1,0),(357,81,405,15,3,26,102,0),(358,52,405,1,3,13,34,0),(359,53,405,1,3,1,8,0),(360,15,405,15,1,2,6,0),(361,72,406,12,3,11,84,0),(362,12,406,12,1,5,59,0),(363,56,406,3,3,15,46,0),(364,75,406,12,3,4,27,1),(365,3,406,3,1,3,22,0),(366,51,407,2,3,20,55,2),(367,81,407,15,3,19,53,0),(368,54,407,2,3,1,14,0),(369,15,407,15,1,1,1,0),(370,86,408,18,3,13,85,3),(371,18,408,18,1,2,27,0),(372,128,408,18,3,6,27,0),(373,56,408,3,3,10,26,0),(374,87,408,3,3,2,8,0),(375,3,408,3,1,2,0,0),(376,76,409,14,3,14,110,1),(377,125,409,32,3,18,37,0),(378,33,409,32,1,3,8,0),(379,13,409,14,1,2,6,0),(380,79,409,14,3,2,5,0),(381,114,410,31,3,24,113,0),(382,61,410,8,3,12,25,0),(383,7,410,8,1,3,25,1),(384,64,410,8,3,2,10,0),(385,116,410,31,3,2,2,0),(386,31,410,31,1,4,-1,0),(387,51,411,2,3,23,73,0),(388,125,411,32,3,10,43,0),(389,2,411,2,1,1,4,0),(390,126,411,32,3,1,3,0),(391,54,411,2,3,2,-1,0),(392,33,411,32,1,1,-2,0),(393,114,412,31,3,19,82,2),(394,86,412,18,3,13,46,1),(395,116,412,31,3,10,44,1),(396,31,412,31,1,4,5,0),(397,18,412,18,1,1,-1,0),(398,51,413,2,3,20,87,1),(399,114,413,31,3,15,31,0),(400,31,413,31,1,2,9,0),(401,116,413,31,3,1,4,0),(402,121,413,31,4,1,4,0),(403,2,413,2,1,1,-2,0),(404,66,414,8,3,21,85,1),(405,132,414,8,3,5,38,0),(406,133,414,7,3,15,20,0),(407,134,414,7,3,2,4,0),(408,7,414,8,1,1,-2,0),(409,135,415,4,3,17,51,0),(410,136,415,24,3,19,29,1),(411,24,415,24,1,5,24,0),(412,137,415,24,3,1,1,0),(413,10,415,4,1,1,-2,0),(414,138,416,31,3,13,83,1),(415,51,416,6,3,22,74,0),(416,31,416,31,1,4,20,0),(417,114,416,31,3,2,8,0),(418,59,416,6,3,2,7,0),(419,139,416,31,5,1,7,0),(420,121,416,31,4,1,1,0),(421,34,416,6,1,1,-2,0),(422,140,417,13,3,11,75,0),(423,141,417,1,3,17,69,0),(424,142,417,1,5,2,13,0),(425,143,417,1,3,5,11,0),(426,144,417,13,4,1,3,0),(427,145,417,13,3,2,1,0),(428,14,417,13,1,3,-6,0),(429,146,418,25,3,24,58,0),(430,147,418,27,3,12,49,0),(431,25,418,25,1,2,20,0),(432,148,418,25,3,1,17,0),(433,149,418,27,3,3,3,0),(434,150,418,25,5,1,1,0),(435,115,419,22,3,20,62,0),(436,151,419,30,3,23,60,0),(437,124,419,30,4,1,15,0),(438,152,419,22,3,4,14,0),(439,153,419,22,3,3,12,0),(440,22,419,22,1,1,8,0),(441,154,419,30,3,3,-1,0),(442,109,420,29,3,16,78,0),(443,155,420,18,3,21,36,0),(444,18,420,18,1,4,22,0),(445,29,420,29,1,1,0,0),(446,146,421,25,3,24,135,0),(447,106,421,9,3,15,97,0),(448,35,421,9,1,4,30,0),(449,156,421,9,5,1,9,0),(450,25,421,25,1,2,6,0),(451,148,421,25,3,5,3,0),(452,157,422,19,3,16,100,0),(453,141,422,1,3,28,90,1),(454,1,422,1,1,1,6,0),(455,36,422,19,1,2,4,0),(456,43,422,19,1,1,1,0),(457,89,423,12,3,18,107,1),(458,137,423,24,3,15,58,0),(459,136,423,24,3,4,27,1),(460,158,423,12,3,9,16,0),(461,13,423,12,1,2,11,0),(462,159,423,12,5,1,7,0),(463,24,423,24,1,2,2,0),(464,160,424,10,3,18,73,0),(465,140,424,13,3,13,40,0),(466,9,424,10,1,3,12,0),(467,145,424,13,3,1,8,0),(468,161,424,10,3,1,5,0),(469,162,424,10,4,1,-1,0),(470,133,425,7,3,19,129,2),(471,138,425,31,3,13,35,0),(472,134,425,7,3,5,25,1),(473,31,425,31,1,5,9,0),(474,114,425,31,3,2,-4,0),(475,8,425,7,1,4,-10,0),(476,89,426,12,3,25,71,0),(477,71,426,11,3,16,35,0),(478,37,426,11,1,1,9,0),(479,163,426,12,4,2,3,0),(480,164,426,12,5,2,1,0),(481,165,426,11,5,1,-1,0),(482,166,427,23,3,21,161,1),(483,106,427,9,3,16,47,0),(484,35,427,9,1,7,39,0),(485,167,427,23,3,1,4,0),(486,168,427,9,3,2,3,0),(487,56,428,3,3,21,76,0),(488,155,428,18,3,19,74,1),(489,39,428,3,1,1,19,0),(490,169,428,3,3,2,10,0),(491,18,428,18,1,2,6,0),(492,170,428,3,4,1,5,0),(493,128,428,18,3,2,4,0),(494,171,428,3,5,1,3,0),(495,56,429,3,3,22,54,0),(496,135,429,4,3,16,52,1),(497,39,429,3,1,2,19,0),(498,10,429,4,1,1,9,0),(499,169,429,3,3,6,6,0),(500,170,429,3,4,2,2,0),(501,75,430,16,3,17,190,2),(502,166,430,23,3,24,169,2),(503,167,430,23,3,3,16,0),(504,172,430,16,3,4,15,0),(505,40,430,16,1,1,2,0),(506,173,431,29,3,19,65,0),(507,66,431,8,3,24,56,1),(508,7,431,8,1,2,11,0),(509,109,431,29,3,1,7,0),(510,174,431,29,5,1,0,0),(511,71,432,11,3,34,166,1),(512,175,432,5,3,17,53,0),(513,37,432,11,1,2,0,0),(514,176,432,5,3,5,-3,0),(515,115,433,22,3,25,63,0),(516,152,433,22,3,3,33,0),(517,68,433,26,3,11,18,0),(518,22,433,22,1,3,10,0),(519,177,433,22,4,1,2,0),(520,157,434,19,3,22,85,1),(521,125,434,32,3,27,48,1),(522,178,434,32,3,3,10,0),(523,179,434,19,5,1,1,0),(524,42,434,32,1,3,-3,0),(525,36,434,19,1,2,-5,0),(526,151,435,30,3,23,81,1),(527,160,435,10,3,21,66,2),(528,154,435,30,3,1,5,1),(529,124,435,30,4,1,2,0),(530,51,436,6,3,22,37,0),(531,76,436,14,3,28,31,1),(532,44,436,14,1,2,25,0),(533,34,436,6,1,1,9,0),(534,59,436,6,3,1,1,1),(535,147,437,27,3,22,61,0),(536,180,437,15,3,22,38,0),(537,149,437,27,3,5,14,1),(538,45,437,15,1,1,11,0),(539,27,437,27,1,3,2,0),(540,181,438,28,3,17,73,0),(541,175,438,5,3,28,36,0),(542,176,438,5,3,4,14,0),(543,20,438,28,1,1,8,0),(544,182,438,28,5,1,5,0),(545,183,438,5,4,1,1,0),(546,104,438,28,3,1,0,0),(547,180,439,15,3,24,70,0),(548,184,439,20,3,33,47,0),(549,185,439,15,5,1,9,0),(550,45,439,15,1,3,5,0),(551,186,439,20,4,1,-1,0),(552,141,440,1,3,23,80,2),(553,21,440,21,1,2,29,0),(554,187,440,21,3,15,25,0),(555,1,440,1,1,1,10,0),(556,142,440,1,5,1,1,0),(557,112,441,2,3,17,151,1),(558,135,441,4,3,14,41,0),(559,10,441,4,1,3,15,0),(560,188,441,4,3,1,0,0),(561,109,442,29,3,21,58,0),(562,53,442,31,3,7,54,1),(563,114,442,31,3,17,28,0),(564,31,442,31,1,5,21,0),(565,29,442,29,1,2,3,0),(566,173,442,29,3,1,3,1),(567,189,442,31,5,1,0,0),(568,75,443,16,3,20,68,1),(569,157,443,19,3,20,64,1),(570,43,443,19,1,5,21,0),(571,190,443,19,3,1,6,0),(572,36,443,19,1,1,-3,0),(573,40,443,16,1,2,-4,0),(574,140,444,13,3,17,59,0),(575,145,444,13,3,3,9,0),(576,191,444,26,5,1,3,0),(577,192,444,26,3,1,1,0),(578,26,444,26,1,1,0,0),(579,68,444,26,3,12,-13,0),(580,76,445,14,3,29,76,0),(581,115,445,22,3,17,38,0),(582,22,445,22,1,2,4,0),(583,177,445,22,4,2,4,0),(584,44,445,14,1,3,-6,0),(585,180,446,15,3,27,97,0),(586,146,446,25,3,15,28,0),(587,25,446,25,1,2,15,0),(588,193,446,15,3,5,10,1),(589,194,446,15,4,1,0,0),(590,45,446,15,1,3,-2,0),(591,125,447,32,3,23,52,0),(592,181,447,28,3,21,46,0),(593,178,447,32,3,1,2,1),(594,104,447,28,3,4,-2,0),(595,51,448,6,3,26,118,0),(596,151,448,30,3,14,29,0),(597,59,448,6,3,5,6,0),(598,23,448,30,1,1,2,0),(599,124,448,30,4,1,1,0),(600,34,448,6,1,2,-4,0),(601,184,449,20,3,25,143,1),(602,195,449,17,3,21,65,0),(603,47,449,17,1,2,24,1),(604,196,450,24,3,13,105,0),(605,71,450,11,3,19,40,0),(606,24,450,24,1,3,9,0),(607,37,450,11,1,1,5,0),(608,197,450,24,5,1,-2,0),(609,181,451,28,3,27,60,0),(610,112,451,2,3,25,57,0),(611,104,451,28,3,1,13,0),(612,63,451,2,3,1,2,0),(613,198,451,28,5,1,0,0),(614,2,451,2,1,1,-2,0),(615,76,452,14,3,27,124,3),(616,147,452,27,3,21,43,0),(617,199,452,14,3,6,37,0),(618,149,452,27,3,1,1,0),(619,187,453,21,3,22,80,0),(620,106,453,9,3,15,65,1),(621,111,453,21,3,12,34,1),(622,35,453,9,1,3,15,0),(623,200,453,21,4,1,10,0),(624,156,453,9,5,2,6,0),(625,21,453,21,1,2,-1,0),(626,195,454,17,3,30,78,1),(627,125,454,32,3,27,76,1),(628,65,454,17,3,1,3,0),(629,201,454,32,4,1,2,0),(630,202,454,32,5,1,-4,0),(631,160,455,10,3,34,74,1),(632,166,455,23,3,9,16,0),(633,203,455,23,3,2,11,1),(634,161,455,10,3,4,9,0),(635,184,456,20,3,19,49,0),(636,112,456,2,3,19,41,1),(637,19,456,20,1,1,11,0),(638,2,456,2,1,4,5,0),(639,186,456,20,4,1,1,0),(640,204,456,2,5,1,-4,0),(641,187,457,21,3,20,61,0),(642,111,457,21,3,8,35,1),(643,66,457,8,3,9,17,0),(644,21,457,21,1,5,3,0),(645,7,457,8,1,1,-4,0),(646,195,458,17,3,28,124,2),(647,175,458,5,3,21,97,0),(648,65,458,17,3,3,12,0),(649,47,458,17,1,4,-1,0),(650,75,459,16,3,20,52,0),(651,172,459,16,3,8,51,1),(652,56,459,3,3,15,42,0),(653,49,459,3,1,4,18,1),(654,169,459,3,3,5,17,0),(655,170,459,3,4,1,6,0),(656,40,459,16,1,1,-2,0),(657,89,460,12,3,29,125,2),(658,68,460,26,3,15,35,1),(659,13,460,12,1,1,10,0),(660,191,460,26,5,1,4,0),(661,205,460,26,4,1,2,1),(662,133,461,7,3,17,90,0),(663,155,461,18,3,17,34,0),(664,8,461,7,1,4,9,0),(665,18,461,18,1,1,6,0),(666,134,461,7,3,3,1,0),(667,155,462,18,3,26,56,0),(668,18,462,18,1,2,22,1),(669,136,462,24,3,8,16,0),(670,197,462,24,5,1,0,0),(671,24,462,24,1,2,-1,0),(672,112,463,2,3,22,63,1),(673,125,463,32,3,17,48,1),(674,129,463,2,4,1,2,0),(675,178,463,32,3,1,0,0),(676,42,463,32,1,5,-2,0),(677,112,464,2,3,21,68,0),(678,89,464,12,3,18,48,0),(679,2,464,2,1,1,5,0),(680,204,464,2,5,1,1,0),(681,133,465,7,3,23,151,1),(682,146,465,25,3,14,63,0),(683,148,465,25,3,3,10,0),(684,134,465,7,3,3,9,0),(685,206,465,7,4,1,8,0),(686,8,465,7,1,3,1,0),(687,25,465,25,1,2,0,0),(688,112,466,2,3,21,65,1),(689,75,466,16,3,17,43,0),(690,207,466,16,3,8,23,0),(691,63,466,2,3,1,1,0),(692,147,467,27,3,11,23,1),(693,146,467,25,3,16,10,0),(694,148,467,25,3,3,2,0),(695,25,467,25,1,1,0,0),(696,141,468,1,3,27,161,0),(697,180,468,15,3,8,14,0),(698,1,468,1,1,2,11,0),(699,143,468,1,3,1,5,0),(700,208,468,15,3,1,2,0),(701,142,468,1,5,1,1,0),(702,125,469,32,3,26,125,1),(703,184,469,20,3,15,61,0),(704,178,469,32,3,4,7,0),(705,19,469,20,1,1,2,0),(706,209,469,20,3,1,0,0),(707,42,469,32,1,4,-8,0),(708,133,470,7,3,18,108,2),(709,106,470,9,3,18,43,0),(710,35,470,9,1,5,7,0),(711,156,470,9,5,1,3,0),(712,168,470,9,3,1,3,0),(713,210,470,9,5,1,0,0),(714,66,471,8,3,21,85,1),(715,187,471,21,3,13,35,0),(716,21,471,21,1,5,15,0),(717,111,471,21,3,2,5,0),(718,7,471,8,1,2,5,0),(719,137,472,24,3,24,70,1),(720,173,472,29,3,16,39,1),(721,109,472,29,3,2,18,0),(722,29,472,29,1,1,6,1),(723,211,472,24,5,1,1,0),(724,68,473,26,3,12,95,2),(725,114,473,31,3,22,53,0),(726,31,473,31,1,6,37,0),(727,53,473,31,3,7,14,0),(728,26,473,26,1,1,-2,0),(729,138,473,31,3,1,-3,0),(730,140,474,13,3,20,114,1),(731,76,474,14,3,24,86,0),(732,145,474,13,3,2,6,1),(733,115,475,22,3,21,95,1),(734,151,475,30,3,20,60,0),(735,152,475,22,3,3,14,1),(736,212,475,30,5,1,8,0),(737,22,475,22,1,1,2,0),(738,177,475,22,4,1,1,0),(739,154,475,30,3,1,0,0),(740,23,475,30,1,2,-4,0),(741,89,476,12,3,36,183,0),(742,166,476,23,3,7,6,0),(743,163,476,12,4,2,0,0),(744,112,477,2,3,19,57,0),(745,184,477,20,3,12,32,0),(746,209,477,20,3,5,10,0),(747,68,478,26,3,24,86,1),(748,192,478,26,3,2,10,0),(749,21,478,21,1,1,6,0),(750,187,478,21,3,7,5,0),(751,200,478,21,4,1,4,0),(752,151,479,30,3,25,97,0),(753,146,479,25,3,19,62,0),(754,148,479,25,3,1,5,0),(755,154,479,30,3,2,4,0),(756,89,480,12,3,26,74,0),(757,137,480,24,3,16,50,0),(758,13,480,12,1,1,9,0),(759,197,480,24,5,1,4,0),(760,125,481,32,3,31,106,0),(761,151,481,30,3,13,20,0),(762,178,481,32,3,1,0,0),(763,42,481,32,1,1,0,0),(764,89,482,12,3,27,108,0),(765,133,482,7,3,20,69,1),(766,13,482,12,1,2,66,1),(767,164,482,12,5,1,14,0),(768,206,482,7,4,1,0,0),(769,112,483,2,3,19,41,0),(770,141,483,1,3,18,29,0),(771,2,483,2,1,2,8,0),(772,142,483,1,5,1,4,0),(773,63,483,2,3,5,-3,1),(774,143,483,1,3,2,-5,0),(775,155,484,18,3,19,39,0),(776,68,484,26,3,16,32,0),(777,18,484,18,1,1,4,0),(778,128,484,18,3,1,1,1),(779,213,484,26,3,2,-1,0),(780,112,485,2,3,27,62,1),(781,125,485,32,3,16,43,0),(782,178,485,32,3,4,15,1),(783,2,485,2,1,2,13,0),(784,204,485,2,5,1,0,0),(785,89,486,12,3,31,77,1),(786,155,486,18,3,19,39,0),(787,158,486,12,3,5,8,0),(788,163,486,12,4,1,2,0),(789,18,486,18,1,1,1,0),(790,89,487,12,3,20,77,0),(791,112,487,2,3,26,34,1),(792,158,487,12,3,1,3,0),(793,63,487,2,3,2,1,0),(794,129,487,2,4,1,0,0),(795,13,487,12,1,1,-3,0);
/*!40000 ALTER TABLE `rush_statline` ENABLE KEYS */;
UNLOCK TABLES;

--
-- Table structure for table `team`
--

DROP TABLE IF EXISTS `team`;
/*!40101 SET @saved_cs_client     = @@character_set_client */;
/*!40101 SET character_set_client = utf8 */;
CREATE TABLE `team` (
  `Team_ID` smallint(6) NOT NULL,
  `Team_Name` varchar(50) DEFAULT NULL,
  `Abbr` varchar(3) DEFAULT NULL,
  `Short` varchar(50) DEFAULT NULL,
  PRIMARY KEY (`Team_ID`)
) ENGINE=InnoDB DEFAULT CHARSET=utf8mb4 COLLATE=utf8mb4_general_ci;
/*!40101 SET character_set_client = @saved_cs_client */;

--
-- Dumping data for table `team`
--

LOCK TABLES `team` WRITE;
/*!40000 ALTER TABLE `team` DISABLE KEYS */;
INSERT INTO `team` VALUES (1,'Pittsburgh Steelers','PIT','PIT Steelers\r'),(2,'New England Patriots','NE','NE Patriots\r'),(3,'Seattle Seahawks','SEA','SEA Seahawks\r'),(4,'St. Louis Rams','STL','STL Rams\r'),(5,'Tennessee Titans','TEN','TEN Titans\r'),(6,'Tampa Bay Buccaneers','TB','TB Buccaneers\r'),(7,'New York Giants','NYG','NY Giants\r'),(8,'Dallas Cowboys','DAL','DAL Cowboys\r'),(9,'Philadelphia Eagles','PHI','PHI Eagles\r'),(10,'Atlanta Falcons','ATL','ATL Falcons\r'),(11,'Minnesota Vikings','MIN','MIN Vikings\r'),(12,'San Francisco 49ers','SF','SF 49ers\r'),(13,'Denver Broncos','DEN','DEN Broncos\r'),(14,'Kansas City Chiefs','KC','KC Chiefs\r'),(15,'Cleveland Browns','CLE','CLE Browns\r'),(16,'Miami Dolphins','MIA','MIA Dolphins\r'),(17,'Jacksonville Jaguars','JAX','JAX Jaguars\r'),(18,'Green Bay Packers','GB','GB Packers\r'),(19,'New York Jets','NYJ','NY Jets\r'),(20,'Indianapolis Colts','IND','IND Colts\r'),(21,'Washington Redskins','WAS','Washington\r'),(22,'San Diego Chargers','SD','SD Chargers\r'),(23,'Arizona Cardinals','ARI','ARI Cardinals\r'),(24,'Detroit Lions','DET','DET Lions\r'),(25,'Baltimore Ravens','BAL','BAL Ravens\r'),(26,'New Orleans Saints','NO','NO Saints\r'),(27,'Cincinnati Bengals','CIN','CIN Bengals\r'),(28,'Buffalo Bills','BUF','BUF Bills\r'),(29,'Chicago Bears','CHI','CHI Bears\r'),(30,'Oakland Raiders','OAK','OAK Raiders\r'),(31,'Carolina Panthers','CAR','CAR Panthers\r'),(32,'Houston Texans','HOU','HOU Texans\r');
/*!40000 ALTER TABLE `team` ENABLE KEYS */;
UNLOCK TABLES;
/*!40103 SET TIME_ZONE=@OLD_TIME_ZONE */;

/*!40101 SET SQL_MODE=@OLD_SQL_MODE */;
/*!40014 SET FOREIGN_KEY_CHECKS=@OLD_FOREIGN_KEY_CHECKS */;
/*!40014 SET UNIQUE_CHECKS=@OLD_UNIQUE_CHECKS */;
/*!40101 SET CHARACTER_SET_CLIENT=@OLD_CHARACTER_SET_CLIENT */;
/*!40101 SET CHARACTER_SET_RESULTS=@OLD_CHARACTER_SET_RESULTS */;
/*!40101 SET COLLATION_CONNECTION=@OLD_COLLATION_CONNECTION */;
/*!40111 SET SQL_NOTES=@OLD_SQL_NOTES */;

-- Dump completed on 2025-10-15 17:57:42
